{
  "name": "chronosapien",
  "icon": "alienevo:textures/gui/playlists/playlist_1/alien_143.png",
  "background": "alienevo:textures/gui/power_screen/power_screen.png",
  "primary_color": "#8ed721",
  "allow_bar_shrinking": false,
  "secondary_color": "#332e27",
  "ability_bar_texture": "alienevo:textures/gui/ability_bar/interface.png",
  "hidden": false,
  "abilities": {

    "hideBody": {
      "type": "palladium:hide_body_part",
      "icon": "minecraft:blaze_rod",
      "bar_color": "light_gray",
      "hidden": true,
      "hidden_in_bar": true,
      "affects_first_person": true,
      "body_parts": [
        "right_arm",
        "left_arm",
        "chest",
        "chest_overlay",
        "right_arm_overlay",
        "left_arm_overlay",
        "right_leg",
        "left_leg",
        "cape",
        "right_leg_overlay",
        "left_leg_overlay",
        "head",
        "head_overlay"
      ]
    },
    "changeName": {
      "type": "palladium:name_change",
      "icon": "minecraft:blaze_rod",
      "hidden": true,
      "hidden_in_bar": true,
      "name": {
        "text": "Chronian"
      }
    },
    "renderLayer": {
      "type": "palladium:render_layer",
      "hidden": true,
      "render_layer": "timewalker:chronosapien"
    },
     "size_change": {
      "type": "palladium:size",
      "title": "Size Change",
      "hidden": true,
      "scale": 1.33
    },
"base_speed": {
      "type": "palladium:attribute_modifier",
      "attribute": "minecraft:generic.movement_speed",
      "icon": "minecraft:textures/item/iron_sword.png",
      "hidden": true,
      "uuid": "01d54cb1-6b09-41a7-92e2-83e076426a30",
      "amount": -0.06,
      "conditions": {
        "enabling": [
          {
            "type": "palladium:not",
            "conditions": [
              {
                "type": "palladium:ability_enabled",
                "power": "null",
                "ability": "ball_roll"
              }
            ]
          }
        ]
      }
    },
     "base_form": {
      "type": "alienevo:omnitrix_detransform",
      "icon": "#alienevo:detransform",
      "title": {
        "translate": "ability.alienevo.omnitrix.base_form"
      },
      "hidden": true,
      "list_index": 4,
      "conditions": {
        "enabling": [
          {
            "type": "palladium:action",
            "key_type": "key_bind"
          }
        ],
        "unlocking": [
          {
            "type": "palladium:or",
            "conditions": [
              {
                "type": "palladium:has_tag",
                "tag": "AlienEvo.BaseForm"
              },
              {
                "type": "palladium:has_tag",
                "tag": "AlienEvo.MasterControl"
              }
            ]
          }
        ]
      }
    },
     "scan_geo": {
      "type": "geckolib:render_layer_animation",
      "hidden": true,
      "render_layer": "timewalker:chronosapien",
      "controller": "spin",
      "animation_trigger": "spin_trigger",
      "conditions":{
        "enabling":[
          {
    "type": "palladium:true"
}
        ]
      }
    },
    "power_bast_mainhand": {
            "type": "palladium:energy_beam",
             "persistent_data": true,
            "icon": "infinity:textures/icon/power_blast.png",
            "title": "Power Blast",
            "bar_color": "purple",
            "hidden": false,
            "hidden_in_bar": false,
            "list_index": 0,
            "gui_position": "null",
            "description": "null",
            "energy_beam": "timewalker:chronosapien_beam",
            "damage": 5,
            "max_distance": 100,
            "speed": 1,
            "set_on_fire_seconds": 1,
            "cause_fire": true,
            "smelt_blocks": true,
            "conditions": {
               
               "enabling": [
                    {
                        "type": "palladium:held",
                        "cooldown": 0
                    }
                ]
               
            }
            
        }
  }
}