{
    "name": "Professor Paradox",
    "background": "minecraft:textures/block/sculk.png",
    "icon": "minecraft:clock",
    "gui_display_type": "tree",
    "persistent_data": true,
    "abilities": {

         "teleport": {
            "type": "palladium:command",
            "icon": "minecraft:clock",
            "title": "Teleport",
            "bar_color": "light_blue",
             "persistent_data": true,
            "hidden": false,
            "hidden_in_bar": false,
            "list_index": 0,
             "gui_position": [
                0,
                -1
            ],
            "description": "Teleport to wherever you look",
            "first_tick_commands": [],
            "last_tick_commands": [],
            "commands": [
                "tag @s add timewalker_teleport_tag",
                "function timewalker:timewalker_tp_start"
            ],
            "conditions": {
                
                "enabling": [
                   {
    "type": "palladium:action",
    "cooldown": 0,
    "key_type": "key_bind",
    "needs_empty_hand": false,
    "allow_scrolling_when_crouching": true
}
                ],
                 "unlocking":[
                    {
    "type": "palladium:or",
    "conditions": [
        {
    "type": "palladium:item_in_slot",
    "item": {
        "item": "timewalker:chrononavigator_gauntlet"
    },
    "slot": "mainhand"
},
{
    "type": "palladium:item_in_slot",
    "item": {
        "item": "timewalker:chrononavigator_gauntlet"
    },
    "slot": "offhand"
},
{
    "type": "palladium:item_in_slot",
    "item": {
        "item": "timewalker:chrononavigator_watch"
    },
    "slot": "mainhand"
},
{
    "type": "palladium:item_in_slot",
    "item": {
        "item": "timewalker:chrononavigator_watch"
    },
    "slot": "offhand"
}
    ]
}

                ]
            }
            
        },
        
         "teleport_command": {
           "type": "palladium:dummy",
            "icon": "minecraft:clock",
            "title": "Teleport Command",
            "bar_color": "light_blue",
             "persistent_data": true,
            "hidden": false,
            "hidden_in_bar": false,
            "list_index": -1,
            "gui_position": [
                0,
                -2
            ],
            "description": "Lets you use the timewalker_tp command, the format is timewalker_tp x y z example:example",
            "first_tick_commands": [],
            "last_tick_commands": [],
            "commands": [
                ""
            ],
            "conditions": {
                
                "enabling": [
                    {
                        "type": "palladium:true"
                    }
                ],
                "unlocking":[
                    {
    "type": "palladium:or",
    "conditions": [
        {
    "type": "palladium:item_in_slot",
    "item": {
        "item": "timewalker:chrononavigator_gauntlet"
    },
    "slot": "mainhand"
},
{
    "type": "palladium:item_in_slot",
    "item": {
        "item": "timewalker:chrononavigator_gauntlet"
    },
    "slot": "offhand"
},
{
    "type": "palladium:item_in_slot",
    "item": {
        "item": "timewalker:chrononavigator_watch"
    },
    "slot": "mainhand"
},
{
    "type": "palladium:item_in_slot",
    "item": {
        "item": "timewalker:chrononavigator_watch"
    },
    "slot": "offhand"
}
    ]
}

                ]
            }
        },
       "force_timeout":{
    "type": "palladium:command",
    "icon": "alienevo:textures/gui/detransform/detransform_prototype_red.png",
    "title": "null",
    "bar_color": "red",
    "hidden": false,
    "hidden_in_bar": false,
    "list_index": 1,
    "gui_position": "null",
    "description": "null",
    "first_tick_commands": [],
    "last_tick_commands": [],
    "commands": [
        "execute as @a[distance=..5] run scoreboard players set @s AlienEvo.Timer 5999"
    ],
     "conditions": {
                
                "enabling": [
                     {
    "type": "palladium:action",
    "cooldown": 0,
    "key_type": "key_bind",
    "needs_empty_hand": false,
    "allow_scrolling_when_crouching": true
}
                ]
            }
},
 "force_timein":{
    "type": "palladium:command",
    "icon": "alienevo:textures/gui/detransform/detransform_prototype_lime.png",
    "title": "null",
    "bar_color": "green",
    "hidden": false,
    "hidden_in_bar": false,
    "list_index": 2,
    "gui_position": "null",
    "description": "null",
    "first_tick_commands": [],
    "last_tick_commands": [],
    "commands": [
        "execute as @a[distance=..5] run scoreboard players set @s AlienEvo.Timer 1"
    ],
     "conditions": {
                
                "enabling": [
                     {
    "type": "palladium:action",
    "cooldown": 0,
    "key_type": "key_bind",
    "needs_empty_hand": false,
    "allow_scrolling_when_crouching": true
}
                ]
            }
},
  "speed":{
            "type": "palladium:attribute_modifier",
            "icon": "infinity:textures/icon/force_field.png",
            "title": "Speed",
            "bar_color": "light_blue",
            "hidden": false,
            "persistent_data": true,
            "hidden_in_bar": true,
            "list_index": -1,
            "description": "Lets you run faster",
            "attribute": "minecraft:generic.movement_speed",
            "amount": 0.05,
            "operation": 0,
            "uuid": "498be4fb-af04-42f2-8948-e6ccdc0d99e1"
        },
 "effects":{
    "type": "palladium:command",
    "icon": "alienevo:textures/gui/detransform/detransform_prototype_red.png",
    "title": "null",
    "bar_color": "red",
    "hidden": false,
    "hidden_in_bar": false,
    "list_index": 1,
    "gui_position": "null",
    "description": "null",
    "first_tick_commands": [
        "effect give @s minecraft:water_breathing infinite 1 true",
        "effect give @s minecraft:saturation infinite 3 true",
        "effect give @s minecraft:strength infinite 3 true"
    ],
    "last_tick_commands": ["effect clear @s minecraft:water_breathing","effect clear @s minecraft:saturation","effect clear @s minecraft:strength"],
    "commands": [
        ""
    ]
},
"disable_interaction":{
    "type": "palladium:attribute_modifier",
    "icon": "minecraft:iron_chestplate",
    "title": "null",
    "bar_color": "light_gray",
    "hidden": false,
    "hidden_in_bar": false,
    "list_index": -1,
    "gui_position": "null",
    "description": "null",
    "attribute": "palladium:destroy_speed",
    "amount": 0.0001,
    "operation": 0,
    "uuid": "498be4fb-af04-42f2-8948-e6ccdc0d99e1"
}
    }
}