{
    "type": "palladium:compound",
  "layers": [
  {
    "type": "geckolib:default",
    "model": "timewalker:geo/chronosapien.geo.json",
    "animation_file": "timewalker:animations/chronosapien.animation.json",
    "animation_controller": [
    {
          "name": "spin",
          "transition_tick_time": 0,
          "triggers": {
            "spin": "animation.timewalker.clockwork"
          }
        }
  ],
    "texture": "timewalker:textures/models/aliens/alien_143/chronosapien.png",
    "bones": {
        "head": "Head",
        "body": "Body",
        "right_arm": "RightArm",
        "left_arm": "LeftArm",
        "right_leg": "Rightleg",
        "left_leg": "LeftLeg"

    }
  },
    {
      "type": "geckolib:default",
      "model": {
        "base": "timewalker:geo/chronosapien_badge.geo.json"
      },
      "texture": {
        "base": "alienevo:textures/models/badge/badge_#BADGE.png",
        "transformers": [
          {
            "type": "palladium:overlay",
            "overlay": "alienevo:textures/models/badge/#BADGE/core_side/core_side_#Z.png"
          },
          {
            "type": "palladium:overlay",
            "overlay": "alienevo:textures/models/badge/#BADGE/core_top/core_top_#Y.png"
          },
          {
            "type": "palladium:overlay",
            "overlay": "alienevo:textures/models/badge/#BADGE/dial_inner/dial_inner_#X.png"
          },
          {
            "type": "palladium:overlay",
            "overlay": "alienevo:textures/models/badge/#BADGE/dial_outer/dial_outer_#W.png"
          }
        ],
        "variables": {
          "BADGE": {
            "type": "palladium:string_property",
            "property": "badge"
          },
          "Z": {
            "type": "palladium:objective_score",
            "objective": "AlienEvo.CoreSide"
          },
          "Y": {
            "type": "palladium:objective_score",
            "objective": "AlienEvo.CoreTop"
          },
          "X": {
            "type": "palladium:objective_score",
            "objective": "AlienEvo.DialInner"
          },
          "W": {
            "type": "palladium:objective_score",
            "objective": "AlienEvo.DialOuter"
          }
        }
      }
    },
    {
      "type": "geckolib:default",
      "render_type": "glow",
       "model": {
        "base": "timewalker:geo/chronosapien_badge.geo.json"
      },
      "texture": {
        "variables": {
          "BADGE": {
            "type": "palladium:string_property",
            "property": "badge"
          },
          "X": {
            "type": "palladium:string_property",
            "property": "AlienEvo.Color"
          }
        },
        "base": "alienevo:textures/models/badge/badge_#X_#BADGE.png"
      }
    },
    {
      "type": "geckolib:default",
      "render_type": "glow",
      "model": {
        "base": "timewalker:geo/chronosapien_badge.geo.json"
      },
      "texture": {
        "variables": {
          "BADGE": {
            "type": "palladium:string_property",
            "property": "badge"
          }
        },
        "base": "alienevo:textures/models/badge/badge_red_#BADGE.png"
      },
      "conditions": [
        {
          "type": "alienevo:has_timeout_bubble",
          "value": true
        },
        {
          "type": "palladium:or",
          "conditions": [
            {
              "type": "palladium:objective_score",
              "objective": "AlienEvo.Timer",
              "min_score": 5940,
              "max_score": 5950
            },
            {
              "type": "palladium:objective_score",
              "objective": "AlienEvo.Timer",
              "min_score": 5960,
              "max_score": 5970
            },
            {
              "type": "palladium:objective_score",
              "objective": "AlienEvo.Timer",
              "min_score": 5980,
              "max_score": 6000
            }
          ]
        }
      ]
    }
  ]
}