{
  "name": "chronian",
  "icon": "minecraft:blaze_rod",
  "background": "alienevo:textures/gui/power_screen/power_screen.png",
  "primary_color": "#8ed721",
  "allow_bar_shrinking": false,
  "secondary_color": "#332e27",
  "ability_bar_texture": "alienevo:textures/gui/ability_bar/interface.png",
  "hidden": true,
  "abilities": {

    "galvanic_mechamorph_loop": {
      "type": "palladium:command",
      "hidden": false,
      "title": "Chronian Species",
      "gui_position": [
        0,
        0
      ],
      "description": "6'4 Human Destroyer",
      "icon": "minecraft:blaze_rod",
      "first_tick_commands": [
        "scoreboard objectives add chronian.XP dummy",
        "scoreboard objectives add chronian.Level dummy",
        "scoreboard objectives add chronian.SkillPoint dummy"
      ],
      "last_tick_commands": [
      ],
      "commands": [
      "scoreboard players add @s[palladium.power=selfdestruct:prototype_omnitrix_sdm] AlienEvo.SelfDestruct 1"]
    },
    "hideBody": {
      "type": "palladium:hide_body_part",
      "icon": "minecraft:blaze_rod",
      "bar_color": "light_gray",
      "hidden": true,
      "hidden_in_bar": true,
      "affects_first_person": true,
      "body_parts": [
        "right_arm",
        "left_arm",
        "chest",
        "chest_overlay",
        "right_arm_overlay",
        "left_arm_overlay",
        "right_leg",
        "left_leg",
        "cape",
        "right_leg_overlay",
        "left_leg_overlay",
        "head",
        "head_overlay"
      ]
    },
    "changeName": {
      "type": "palladium:name_change",
      "icon": "minecraft:blaze_rod",
      "hidden": true,
      "hidden_in_bar": true,
      "name": {
        "text": "Chronian"
      }
    },
    "renderLayer": {
      "type": "palladium:render_layer",
      "hidden": true,
      "render_layer": "timewalker:chronian"
    },
    "sizeChange": {
      "type": "palladium:size",
      "title": "Size Change",
      "hidden": true,
      "scale": 1.15
    },
    "Health": {
      "type": "palladium:attribute_modifier",
      "attribute": "minecraft:generic.max_health",
      "amount": 200
    },
    "Strength": {
      "type": "palladium:attribute_modifier",
      "attribute": "minecraft:generic.attack_damage",
      "amount": 5000
    },
    "knockbackResistance": {
      "type": "palladium:attribute_modifier",
      "attribute": "minecraft:generic.knockback_resistance",
      "amount": 1
    },
    "Armor": {
      "type": "palladium:attribute_modifier",
      "attribute": "minecraft:generic.armor",
      "amount": 50
    },
    "armorToughness": {
      "type": "palladium:attribute_modifier",
      "attribute": "minecraft:generic.armor_toughness",
      "amount": 50
    },
    "largePunch": {
      "title": "Large Punch",
      "type": "palladium:projectile",
      "hidden": true,
      "hidden_in_bar": false,
      "list_index": 0,
      "entity_type": "palladium:custom_projectile",
      "inaccuracy": 0,
      "velocity": 4,
      "swinging_arm": "main_arm",
      "damage_from_player": true,
      "entity_data": {
        "Size": 3,
        "Gravity": 0,
        "Lifetime": 80,
        "ExplosionBlockInteraction": "destroy",
        "ExplosionRadius": 8,
        "ExplosionCausesFire": false,
        "KnockbackStrength": 10,
        "DieOnBlockHit": false,
        "DieOnEntityHit": false,
        "Appearances": [
          {
            "Type": "particles",
            "ParticleType": "minecraft:explosion_emitter",
            "Spread": 5,
            "Amount": 9
          },
          {
            "Type": "particles",
            "ParticleType": "minecraft:explosion",
            "Spread": 5,
            "Amount": 1
          },
          {
            "Type": "particles",
            "ParticleType": "minecraft:flame",
            "Spread": 1,
            "Amount": 15
          }
        ]
      },
      "conditions": {
        "enabling": [
          {
            "type": "palladium:action",
            "key_type": "right_click",
            "cooldown": 10,
            "needs_empty_hand": false
          }
        ]
      }
    },
    "Speed": {
      "type": "palladium:attribute_modifier",
      "attribute": "minecraft:generic.movement_speed",
      "amount": 1.1,
      "conditions": {
        "enabling": [
          {
            "type": "palladium:sprinting"
          },
          {
            "type": "palladium:not",
            "conditions": {
              "type": "palladium:in_water"
            }
          }
        ]
      }
    },
    "stepAssist": {
      "type": "palladium:attribute_modifier",
      "attribute": "forge:step_height_addition",
      "amount": 2,
      "conditions": {
        "unlocking": [
          {
            "type": "palladium:ability_enabled",
            "ability": "Speed"
          }
        ]
      }
    },
    "waterWalking": {
      "type": "palladium:water_walk",
      "hidden": true,
      "conditions": {
        "enabling": [
          {
            "type": "palladium:ability_enabled",
            "ability": "Speed"
          }
        ],
        "type": "palladium:not",
        "conditions": {
          "type": "palladium:in_water"
        }
      }
    },
    "Healing": {
      "type": "palladium:healing",
      "hidden": true,
      "hidden_in_bar": true,
      "frequency": 2,
      "amount": 10
    },
    "Flight": {
      "type": "palladium:attribute_modifier",
      "attribute": "palladium:flight_speed",
      "amount": 2
    },
    "base_form": {
      "type": "alienevo:omnitrix_detransform",
      "icon": "#alienevo:detransform",
      "title": "Base Form",
      "hidden": true,
      "list_index": 4,
      "conditions": {
        "enabling": [
          {
            "type": "palladium:action",
            "key_type": "key_bind"
          }
        ],
        "unlocking": [
          {
            "type": "palladium:has_tag",
            "tag": "AlienEvo.BaseForm"
          }
        ]
      }
    },
    "timeout_function": {
      "type": "alienevo:omnitrix_timer",
      "hidden": true
    },
    "slot_restriction": {
      "type": "palladium:restrict_slots",
      "hidden": true,
      "hidden_in_bar": false,
      "slots": [
        "head",
        "chest",
        "legs",
        "feet",
        "trinkets:head/hat",
        "trinkets:head/face",
        "trinkets:chest/back",
        "trinkets:chest/necklace",
        "trinkets:chest/cape",
        "trinkets:hand/ring",
        "trinkets:hand/glove",
        "trinkets:offhand/glove",
        "trinkets:offhand/ring",
        "curios:hands"
      ]
    }
  }
}