{
  "name": "chronian_boss",
  "icon": "minecraft:blaze_rod",
  "background": "alienevo:textures/gui/power_screen/power_screen.png",
  "primary_color": "#8ed721",
  "allow_bar_shrinking": false,
  "secondary_color": "#332e27",
  "ability_bar_texture": "alienevo:textures/gui/ability_bar/interface.png",
  "hidden": true,
  "abilities": {

    "hideBody": {
      "type": "palladium:hide_body_part",
      "icon": "minecraft:blaze_rod",
      "bar_color": "light_gray",
      "hidden": true,
      "hidden_in_bar": true,
      "affects_first_person": true,
      "body_parts": [
        "right_arm",
        "left_arm",
        "chest",
        "chest_overlay",
        "right_arm_overlay",
        "left_arm_overlay",
        "right_leg",
        "left_leg",
        "cape",
        "right_leg_overlay",
        "left_leg_overlay",
        "head",
        "head_overlay"
      ]
    },
    "changeName": {
      "type": "palladium:name_change",
      "icon": "minecraft:blaze_rod",
      "hidden": true,
      "hidden_in_bar": true,
      "name": {
        "text": "Chronian"
      }
    },
    "renderLayer": {
      "type": "palladium:render_layer",
      "hidden": true,
      "render_layer": "timewalker:chronian"
    },
     "bubble": {
      "type": "palladium:command",
      "hidden": false,
      "title": "Furry Species",
      "gui_position": [
        0,
        0
      ],
      "description": "A wolf-like alien with enhanced agility and senses, capable of unleashing powerful sonic howls and leaping great distances",
      "icon": "alienevo:textures/gui/playlists/playlist_1/alien_209.png",
      "first_tick_commands": [
      ],
      "last_tick_commands": [
        "superpower add timewalker:transform_bubble_eon @s",
        "playsound alienevo:prototype_failsafe master @s",
        "playsound timewalker:prototype_warning master @s"
      ],
      "commands": [
      ]
    }
  }
}