{
    "name": "Professor Paradox",
    "background": "minecraft:textures/block/sculk.png",
    "icon": "minecraft:clock",
    "gui_display_type": "tree",
    "persistent_data": true,
    "abilities": {
"activate":{
    "type": "palladium:command",
    "icon": "minecraft:command_block",
    "title": "Activate Time Tunnel",
    "bar_color": "light_blue",
    "hidden": false,
    "hidden_in_bar": false,
    "list_index": -1,
    "gui_position": "null",
    "description": "null",
    "first_tick_commands": [],
    "last_tick_commands": [],
    "commands": [
        "execute in timewalker:inbetween run tp @s 0 100 0",
        "clear @s",
        "superpower add timewalker:paradox @s"
    ],
    "conditions":{
         "enabling": [
                   {
    "type": "palladium:action",
    "cooldown": 0,
    "key_type": "key_bind",
    "needs_empty_hand": false,
    "allow_scrolling_when_crouching": true
}
                ]
    }
}

    }
}