{
	"format_version": "1.9.0",
	"credit": "Made with Blockbench",
	"texture_size": [64, 64],
	"textures": {
		"0": "timewalker:item/chrononavigator_watch",
		"particle": "timewalker:item/chrononavigator_watch"
	},
	"elements": [
		{
			"from": [1, 15, 7],
			"to": [15, 16, 11],
			"rotation": {"angle": 0, "axis": "y", "origin": [8, 15, 8]},
			"faces": {
				"north": {"uv": [6.5, 0, 10, 0.25], "texture": "#0"},
				"east": {"uv": [9.5, 2, 10.5, 2.25], "texture": "#0"},
				"south": {"uv": [6.5, 0.25, 10, 0.5], "texture": "#0"},
				"west": {"uv": [9.5, 2.25, 10.5, 2.5], "texture": "#0"},
				"up": {"uv": [3.5, 1, 0, 0], "texture": "#0"},
				"down": {"uv": [3.5, 1, 0, 2], "texture": "#0"}
			}
		},
		{
			"from": [2, 14, 7],
			"to": [14, 15, 11],
			"rotation": {"angle": 0, "axis": "y", "origin": [9, 14, 8]},
			"faces": {
				"north": {"uv": [6.5, 2.75, 9.5, 3], "texture": "#0"},
				"east": {"uv": [7.5, 9.75, 8.5, 10], "texture": "#0"},
				"south": {"uv": [6.5, 3, 9.5, 3.25], "texture": "#0"},
				"west": {"uv": [8.5, 9.75, 9.5, 10], "texture": "#0"},
				"up": {"uv": [6.5, 1, 3.5, 0], "texture": "#0"},
				"down": {"uv": [6.5, 1, 3.5, 2], "texture": "#0"}
			}
		},
		{
			"from": [3, 14, 11],
			"to": [13, 15, 13],
			"rotation": {"angle": 0, "axis": "y", "origin": [8, 14, 12]},
			"faces": {
				"north": {"uv": [7.5, 7, 10, 7.25], "texture": "#0"},
				"east": {"uv": [3.5, 10.25, 4, 10.5], "texture": "#0"},
				"south": {"uv": [7.5, 7.25, 10, 7.5], "texture": "#0"},
				"west": {"uv": [4, 10.25, 4.5, 10.5], "texture": "#0"},
				"up": {"uv": [2.5, 6.5, 0, 6], "texture": "#0"},
				"down": {"uv": [5, 6, 2.5, 6.5], "texture": "#0"}
			}
		},
		{
			"from": [3, 14, 5],
			"to": [13, 15, 7],
			"rotation": {"angle": 0, "axis": "y", "origin": [8, 14, 6]},
			"faces": {
				"north": {"uv": [7.5, 7.5, 10, 7.75], "texture": "#0"},
				"east": {"uv": [4.5, 10.25, 5, 10.5], "texture": "#0"},
				"south": {"uv": [0, 7.75, 2.5, 8], "texture": "#0"},
				"west": {"uv": [5, 10.25, 5.5, 10.5], "texture": "#0"},
				"up": {"uv": [8.5, 4.5, 6, 4], "texture": "#0"},
				"down": {"uv": [8.5, 4.5, 6, 5], "texture": "#0"}
			}
		},
		{
			"from": [4, 14, 13],
			"to": [12, 15, 14],
			"rotation": {"angle": 0, "axis": "y", "origin": [7, 14, 14]},
			"faces": {
				"north": {"uv": [8.5, 5, 10.5, 5.25], "texture": "#0"},
				"east": {"uv": [4.5, 10.5, 4.75, 10.75], "texture": "#0"},
				"south": {"uv": [8.5, 5.25, 10.5, 5.5], "texture": "#0"},
				"west": {"uv": [10.5, 4.5, 10.75, 4.75], "texture": "#0"},
				"up": {"uv": [10.5, 5.75, 8.5, 5.5], "texture": "#0"},
				"down": {"uv": [10.5, 5.75, 8.5, 6], "texture": "#0"}
			}
		},
		{
			"from": [4, 14, 4],
			"to": [12, 15, 5],
			"rotation": {"angle": 0, "axis": "y", "origin": [7, 14, 5]},
			"faces": {
				"north": {"uv": [6, 8.5, 8, 8.75], "texture": "#0"},
				"east": {"uv": [5, 10.5, 5.25, 10.75], "texture": "#0"},
				"south": {"uv": [8, 8.5, 10, 8.75], "texture": "#0"},
				"west": {"uv": [10.5, 5, 10.75, 5.25], "texture": "#0"},
				"up": {"uv": [10.5, 8.25, 8.5, 8], "texture": "#0"},
				"down": {"uv": [2, 8.75, 0, 9], "texture": "#0"}
			}
		},
		{
			"from": [5, 14, 14],
			"to": [11, 15, 15],
			"rotation": {"angle": 0, "axis": "y", "origin": [7, 14, 15]},
			"faces": {
				"north": {"uv": [6, 9, 7.5, 9.25], "texture": "#0"},
				"east": {"uv": [4.75, 10.5, 5, 10.75], "texture": "#0"},
				"south": {"uv": [7.5, 9, 9, 9.25], "texture": "#0"},
				"west": {"uv": [10.5, 4.75, 10.75, 5], "texture": "#0"},
				"up": {"uv": [10.5, 9.25, 9, 9], "texture": "#0"},
				"down": {"uv": [1.5, 9.25, 0, 9.5], "texture": "#0"}
			}
		},
		{
			"from": [5, 14, 3],
			"to": [11, 15, 4],
			"rotation": {"angle": 0, "axis": "y", "origin": [7, 14, 4]},
			"faces": {
				"north": {"uv": [1.5, 9.25, 3, 9.5], "texture": "#0"},
				"east": {"uv": [5.25, 10.5, 5.5, 10.75], "texture": "#0"},
				"south": {"uv": [3, 9.25, 4.5, 9.5], "texture": "#0"},
				"west": {"uv": [10.5, 5.25, 10.75, 5.5], "texture": "#0"},
				"up": {"uv": [6, 9.5, 4.5, 9.25], "texture": "#0"},
				"down": {"uv": [7.5, 9.25, 6, 9.5], "texture": "#0"}
			}
		},
		{
			"from": [5, 28.75, 18],
			"to": [11, 29.75, 19],
			"rotation": {"angle": 22.5, "axis": "x", "origin": [7, 18.75, 13]},
			"faces": {
				"north": {"uv": [9.5, 1.25, 11, 1.5], "texture": "#0"},
				"east": {"uv": [10.5, 6.5, 10.75, 6.75], "texture": "#0"},
				"south": {"uv": [1.5, 9.5, 3, 9.75], "texture": "#0"},
				"west": {"uv": [6.75, 10.5, 7, 10.75], "texture": "#0"},
				"up": {"uv": [11, 1.75, 9.5, 1.5], "texture": "#0"},
				"down": {"uv": [11, 1.75, 9.5, 2], "texture": "#0"}
			}
		},
		{
			"from": [4, 27.75, 18],
			"to": [12, 28.75, 19],
			"rotation": {"angle": 22.5, "axis": "x", "origin": [7, 18.75, 13]},
			"faces": {
				"north": {"uv": [0, 9, 2, 9.25], "texture": "#0"},
				"east": {"uv": [6.25, 10.5, 6.5, 10.75], "texture": "#0"},
				"south": {"uv": [2, 9, 4, 9.25], "texture": "#0"},
				"west": {"uv": [10.5, 6.25, 10.75, 6.5], "texture": "#0"},
				"up": {"uv": [11, 4, 9, 3.75], "texture": "#0"},
				"down": {"uv": [6, 9, 4, 9.25], "texture": "#0"}
			}
		},
		{
			"from": [3, 25.75, 18],
			"to": [13, 27.75, 19],
			"rotation": {"angle": 22.5, "axis": "x", "origin": [7, 18.75, 13]},
			"faces": {
				"north": {"uv": [6, 5.5, 8.5, 6], "texture": "#0"},
				"east": {"uv": [6.5, 10.25, 6.75, 10.75], "texture": "#0"},
				"south": {"uv": [0, 6.5, 2.5, 7], "texture": "#0"},
				"west": {"uv": [10.25, 6.5, 10.5, 7], "texture": "#0"},
				"up": {"uv": [10, 8, 7.5, 7.75], "texture": "#0"},
				"down": {"uv": [2.5, 8, 0, 8.25], "texture": "#0"}
			}
		},
		{
			"from": [2, 21.75, 18],
			"to": [14, 25.75, 19],
			"rotation": {"angle": 22.5, "axis": "x", "origin": [7, 18.75, 13]},
			"faces": {
				"north": {"uv": [3.5, 2, 6.5, 3], "texture": "#0"},
				"east": {"uv": [9.5, 9.75, 9.75, 10.75], "texture": "#0"},
				"south": {"uv": [3.5, 3, 6.5, 4], "texture": "#0"},
				"west": {"uv": [9.75, 9.75, 10, 10.75], "texture": "#0"},
				"up": {"uv": [9.5, 3.5, 6.5, 3.25], "texture": "#0"},
				"down": {"uv": [9.5, 3.5, 6.5, 3.75], "texture": "#0"}
			}
		},
		{
			"from": [3, 19.75, 18],
			"to": [13, 21.75, 19],
			"rotation": {"angle": 22.5, "axis": "x", "origin": [7, 18.75, 13]},
			"faces": {
				"north": {"uv": [5, 6, 7.5, 6.5], "texture": "#0"},
				"east": {"uv": [5.5, 10.25, 5.75, 10.75], "texture": "#0"},
				"south": {"uv": [6, 5, 8.5, 5.5], "texture": "#0"},
				"west": {"uv": [5.75, 10.25, 6, 10.75], "texture": "#0"},
				"up": {"uv": [5, 8, 2.5, 7.75], "texture": "#0"},
				"down": {"uv": [7.5, 7.75, 5, 8], "texture": "#0"}
			}
		},
		{
			"from": [4, 18.75, 18],
			"to": [12, 19.75, 19],
			"rotation": {"angle": 22.5, "axis": "x", "origin": [7, 18.75, 13]},
			"faces": {
				"north": {"uv": [2, 8.75, 4, 9], "texture": "#0"},
				"east": {"uv": [6, 10.5, 6.25, 10.75], "texture": "#0"},
				"south": {"uv": [4, 8.75, 6, 9], "texture": "#0"},
				"west": {"uv": [10.5, 6, 10.75, 6.25], "texture": "#0"},
				"up": {"uv": [8, 9, 6, 8.75], "texture": "#0"},
				"down": {"uv": [10, 8.75, 8, 9], "texture": "#0"}
			}
		},
		{
			"from": [5, 17.75, 18],
			"to": [11, 18.75, 19],
			"rotation": {"angle": 22.5, "axis": "x", "origin": [7, 18.75, 13]},
			"faces": {
				"north": {"uv": [7.5, 9.25, 9, 9.5], "texture": "#0"},
				"east": {"uv": [10.5, 5.5, 10.75, 5.75], "texture": "#0"},
				"south": {"uv": [9, 9.25, 10.5, 9.5], "texture": "#0"},
				"west": {"uv": [10.5, 5.75, 10.75, 6], "texture": "#0"},
				"up": {"uv": [1.5, 9.75, 0, 9.5], "texture": "#0"},
				"down": {"uv": [11, 1, 9.5, 1.25], "texture": "#0"}
			}
		},
		{
			"from": [6, 31, 16],
			"to": [10, 32, 17],
			"rotation": {"angle": 22.5, "axis": "x", "origin": [8, 17, 9]},
			"faces": {
				"north": {"uv": [0, 9.75, 1, 10], "texture": "#0"},
				"east": {"uv": [1.25, 10.5, 1.5, 10.75], "texture": "#0"},
				"south": {"uv": [1, 9.75, 2, 10], "texture": "#0"},
				"west": {"uv": [1.5, 10.5, 1.75, 10.75], "texture": "#0"},
				"up": {"uv": [3, 10, 2, 9.75], "texture": "#0"},
				"down": {"uv": [4, 9.75, 3, 10], "texture": "#0"}
			}
		},
		{
			"from": [4, 30, 16],
			"to": [12, 31, 17],
			"rotation": {"angle": 22.5, "axis": "x", "origin": [8, 17, 9]},
			"faces": {
				"north": {"uv": [8.5, 4, 10.5, 4.25], "texture": "#0"},
				"east": {"uv": [0.5, 10.5, 0.75, 10.75], "texture": "#0"},
				"south": {"uv": [8.5, 4.25, 10.5, 4.5], "texture": "#0"},
				"west": {"uv": [1, 10.5, 1.25, 10.75], "texture": "#0"},
				"up": {"uv": [10.5, 4.75, 8.5, 4.5], "texture": "#0"},
				"down": {"uv": [10.5, 4.75, 8.5, 5], "texture": "#0"}
			}
		},
		{
			"from": [3, 29, 16],
			"to": [13, 30, 17],
			"rotation": {"angle": 22.5, "axis": "x", "origin": [8, 17, 9]},
			"faces": {
				"north": {"uv": [5, 7.5, 7.5, 7.75], "texture": "#0"},
				"east": {"uv": [10.25, 10.25, 10.5, 10.5], "texture": "#0"},
				"south": {"uv": [7.5, 6, 10, 6.25], "texture": "#0"},
				"west": {"uv": [0.25, 10.5, 0.5, 10.75], "texture": "#0"},
				"up": {"uv": [10, 6.5, 7.5, 6.25], "texture": "#0"},
				"down": {"uv": [10, 6.75, 7.5, 7], "texture": "#0"}
			}
		},
		{
			"from": [2, 27, 16],
			"to": [14, 29, 17],
			"rotation": {"angle": 22.5, "axis": "x", "origin": [8, 17, 9]},
			"faces": {
				"north": {"uv": [0, 5.5, 3, 6], "texture": "#0"},
				"east": {"uv": [7.5, 10, 7.75, 10.5], "texture": "#0"},
				"south": {"uv": [3, 5.5, 6, 6], "texture": "#0"},
				"west": {"uv": [10, 7.5, 10.25, 8], "texture": "#0"},
				"up": {"uv": [5.5, 6.75, 2.5, 6.5], "texture": "#0"},
				"down": {"uv": [9.5, 2.5, 6.5, 2.75], "texture": "#0"}
			}
		},
		{
			"from": [4, 19, 16],
			"to": [12, 20, 17],
			"rotation": {"angle": 22.5, "axis": "x", "origin": [8, 17, 9]},
			"faces": {
				"north": {"uv": [8, 8.25, 10, 8.5], "texture": "#0"},
				"east": {"uv": [10, 10.25, 10.25, 10.5], "texture": "#0"},
				"south": {"uv": [0, 8.5, 2, 8.75], "texture": "#0"},
				"west": {"uv": [10.25, 10, 10.5, 10.25], "texture": "#0"},
				"up": {"uv": [4, 8.75, 2, 8.5], "texture": "#0"},
				"down": {"uv": [6, 8.5, 4, 8.75], "texture": "#0"}
			}
		},
		{
			"from": [6, 17.75, 16],
			"to": [10, 18.75, 17],
			"rotation": {"angle": 22.5, "axis": "x", "origin": [8, 16.75, 9]},
			"faces": {
				"north": {"uv": [6.5, 9.5, 7.5, 9.75], "texture": "#0"},
				"east": {"uv": [9.25, 10.25, 9.5, 10.5], "texture": "#0"},
				"south": {"uv": [7.5, 9.5, 8.5, 9.75], "texture": "#0"},
				"west": {"uv": [10.25, 9.75, 10.5, 10], "texture": "#0"},
				"up": {"uv": [9.5, 9.75, 8.5, 9.5], "texture": "#0"},
				"down": {"uv": [10.5, 9.5, 9.5, 9.75], "texture": "#0"}
			}
		},
		{
			"from": [3, 20, 16],
			"to": [13, 21, 17],
			"rotation": {"angle": 22.5, "axis": "x", "origin": [8, 17, 9]},
			"faces": {
				"north": {"uv": [2.5, 7.25, 5, 7.5], "texture": "#0"},
				"east": {"uv": [10.25, 8.5, 10.5, 8.75], "texture": "#0"},
				"south": {"uv": [5, 7.25, 7.5, 7.5], "texture": "#0"},
				"west": {"uv": [9, 10.25, 9.25, 10.5], "texture": "#0"},
				"up": {"uv": [2.5, 7.75, 0, 7.5], "texture": "#0"},
				"down": {"uv": [5, 7.5, 2.5, 7.75], "texture": "#0"}
			}
		},
		{
			"from": [2, 21, 16],
			"to": [14, 23, 17],
			"rotation": {"angle": 22.5, "axis": "x", "origin": [8, 17, 9]},
			"faces": {
				"north": {"uv": [0, 5, 3, 5.5], "texture": "#0"},
				"east": {"uv": [10, 6.5, 10.25, 7], "texture": "#0"},
				"south": {"uv": [3, 5, 6, 5.5], "texture": "#0"},
				"west": {"uv": [10, 7, 10.25, 7.5], "texture": "#0"},
				"up": {"uv": [9.5, 2.25, 6.5, 2], "texture": "#0"},
				"down": {"uv": [9.5, 2.25, 6.5, 2.5], "texture": "#0"}
			}
		},
		{
			"from": [1, 23, 16],
			"to": [15, 27, 17],
			"rotation": {"angle": 22.5, "axis": "x", "origin": [8, 17, 9]},
			"faces": {
				"north": {"uv": [0, 2, 3.5, 3], "texture": "#0"},
				"east": {"uv": [6, 9.5, 6.25, 10.5], "texture": "#0"},
				"south": {"uv": [0, 3, 3.5, 4], "texture": "#0"},
				"west": {"uv": [6.25, 9.5, 6.5, 10.5], "texture": "#0"},
				"up": {"uv": [10, 0.75, 6.5, 0.5], "texture": "#0"},
				"down": {"uv": [10, 0.75, 6.5, 1], "texture": "#0"}
			}
		},
		{
			"from": [2, 15, 5],
			"to": [14, 16, 7],
			"rotation": {"angle": 0, "axis": "y", "origin": [5, 15, 4]},
			"faces": {
				"north": {"uv": [6.5, 1, 9.5, 1.25], "texture": "#0"},
				"east": {"uv": [3, 10, 3.5, 10.25], "texture": "#0"},
				"south": {"uv": [6.5, 1.25, 9.5, 1.5], "texture": "#0"},
				"west": {"uv": [3.5, 10, 4, 10.25], "texture": "#0"},
				"up": {"uv": [3, 4.5, 0, 4], "texture": "#0"},
				"down": {"uv": [6, 4, 3, 4.5], "texture": "#0"}
			}
		},
		{
			"from": [2, 15, 11],
			"to": [14, 16, 13],
			"rotation": {"angle": 0, "axis": "y", "origin": [5, 15, 10]},
			"faces": {
				"north": {"uv": [6.5, 1.5, 9.5, 1.75], "texture": "#0"},
				"east": {"uv": [10, 6, 10.5, 6.25], "texture": "#0"},
				"south": {"uv": [6.5, 1.75, 9.5, 2], "texture": "#0"},
				"west": {"uv": [10, 6.25, 10.5, 6.5], "texture": "#0"},
				"up": {"uv": [3, 5, 0, 4.5], "texture": "#0"},
				"down": {"uv": [6, 4.5, 3, 5], "texture": "#0"}
			}
		},
		{
			"from": [3, 15, 4],
			"to": [13, 16, 5],
			"rotation": {"angle": 0, "axis": "y", "origin": [4, 15, 2]},
			"faces": {
				"north": {"uv": [6.5, 3.75, 9, 4], "texture": "#0"},
				"east": {"uv": [6.75, 10.25, 7, 10.5], "texture": "#0"},
				"south": {"uv": [5.5, 6.5, 8, 6.75], "texture": "#0"},
				"west": {"uv": [7, 10.25, 7.25, 10.5], "texture": "#0"},
				"up": {"uv": [5, 7, 2.5, 6.75], "texture": "#0"},
				"down": {"uv": [7.5, 6.75, 5, 7], "texture": "#0"}
			}
		},
		{
			"from": [3, 15, 13],
			"to": [13, 16, 14],
			"rotation": {"angle": 0, "axis": "y", "origin": [4, 15, 11]},
			"faces": {
				"north": {"uv": [0, 7, 2.5, 7.25], "texture": "#0"},
				"east": {"uv": [7.75, 10.25, 8, 10.5], "texture": "#0"},
				"south": {"uv": [2.5, 7, 5, 7.25], "texture": "#0"},
				"west": {"uv": [10.25, 7.75, 10.5, 8], "texture": "#0"},
				"up": {"uv": [7.5, 7.25, 5, 7], "texture": "#0"},
				"down": {"uv": [2.5, 7.25, 0, 7.5], "texture": "#0"}
			}
		},
		{
			"from": [6, 15, 2],
			"to": [10, 16, 3],
			"rotation": {"angle": 0, "axis": "y", "origin": [3, 15, 0]},
			"faces": {
				"north": {"uv": [9.5, 2.5, 10.5, 2.75], "texture": "#0"},
				"east": {"uv": [10.25, 7, 10.5, 7.25], "texture": "#0"},
				"south": {"uv": [9.5, 2.75, 10.5, 3], "texture": "#0"},
				"west": {"uv": [7.25, 10.25, 7.5, 10.5], "texture": "#0"},
				"up": {"uv": [4, 9.75, 3, 9.5], "texture": "#0"},
				"down": {"uv": [10.5, 3, 9.5, 3.25], "texture": "#0"}
			}
		},
		{
			"from": [6, 15, 15],
			"to": [10, 16, 16],
			"rotation": {"angle": 0, "axis": "y", "origin": [3, 15, 13]},
			"faces": {
				"north": {"uv": [9.5, 3.25, 10.5, 3.5], "texture": "#0"},
				"east": {"uv": [10.25, 8.25, 10.5, 8.5], "texture": "#0"},
				"south": {"uv": [9.5, 3.5, 10.5, 3.75], "texture": "#0"},
				"west": {"uv": [8.5, 10.25, 8.75, 10.5], "texture": "#0"},
				"up": {"uv": [5, 9.75, 4, 9.5], "texture": "#0"},
				"down": {"uv": [6, 9.5, 5, 9.75], "texture": "#0"}
			}
		},
		{
			"from": [4, 15, 3],
			"to": [12, 16, 4],
			"rotation": {"angle": 0, "axis": "y", "origin": [5, 15, 1]},
			"faces": {
				"north": {"uv": [2.5, 8, 4.5, 8.25], "texture": "#0"},
				"east": {"uv": [10.25, 7.25, 10.5, 7.5], "texture": "#0"},
				"south": {"uv": [4.5, 8, 6.5, 8.25], "texture": "#0"},
				"west": {"uv": [10.25, 7.5, 10.5, 7.75], "texture": "#0"},
				"up": {"uv": [8.5, 8.25, 6.5, 8], "texture": "#0"},
				"down": {"uv": [10, 6.5, 8, 6.75], "texture": "#0"}
			}
		},
		{
			"from": [4, 15, 14],
			"to": [12, 16, 15],
			"rotation": {"angle": 0, "axis": "y", "origin": [5, 15, 12]},
			"faces": {
				"north": {"uv": [0, 8.25, 2, 8.5], "texture": "#0"},
				"east": {"uv": [8, 10.25, 8.25, 10.5], "texture": "#0"},
				"south": {"uv": [2, 8.25, 4, 8.5], "texture": "#0"},
				"west": {"uv": [8.25, 10.25, 8.5, 10.5], "texture": "#0"},
				"up": {"uv": [6, 8.5, 4, 8.25], "texture": "#0"},
				"down": {"uv": [8, 8.25, 6, 8.5], "texture": "#0"}
			}
		},
		{
			"from": [7, 14.5, 0],
			"to": [9, 16.5, 2],
			"rotation": {"angle": 0, "axis": "y", "origin": [7, 14.5, 0]},
			"faces": {
				"north": {"uv": [4, 9.75, 4.5, 10.25], "texture": "#0"},
				"east": {"uv": [4.5, 9.75, 5, 10.25], "texture": "#0"},
				"south": {"uv": [5, 9.75, 5.5, 10.25], "texture": "#0"},
				"west": {"uv": [5.5, 9.75, 6, 10.25], "texture": "#0"},
				"up": {"uv": [7, 10.25, 6.5, 9.75], "texture": "#0"},
				"down": {"uv": [7.5, 9.75, 7, 10.25], "texture": "#0"}
			}
		},
		{
			"from": [7.5, 15, -1],
			"to": [8.5, 16, 0],
			"rotation": {"angle": 0, "axis": "y", "origin": [6.5, 15, -2]},
			"faces": {
				"north": {"uv": [1.75, 10.5, 2, 10.75], "texture": "#0"},
				"east": {"uv": [2, 10.5, 2.25, 10.75], "texture": "#0"},
				"south": {"uv": [10.5, 2, 10.75, 2.25], "texture": "#0"},
				"west": {"uv": [2.25, 10.5, 2.5, 10.75], "texture": "#0"},
				"up": {"uv": [10.75, 2.5, 10.5, 2.25], "texture": "#0"},
				"down": {"uv": [10.75, 2.5, 10.5, 2.75], "texture": "#0"}
			}
		},
		{
			"from": [6, 15, 0],
			"to": [7, 16, 2],
			"rotation": {"angle": 0, "axis": "y", "origin": [5, 15, -1]},
			"faces": {
				"north": {"uv": [10.5, 2.75, 10.75, 3], "texture": "#0"},
				"east": {"uv": [7.75, 10, 8.25, 10.25], "texture": "#0"},
				"south": {"uv": [3, 10.5, 3.25, 10.75], "texture": "#0"},
				"west": {"uv": [8.25, 10, 8.75, 10.25], "texture": "#0"},
				"up": {"uv": [10.25, 8.75, 10, 8.25], "texture": "#0"},
				"down": {"uv": [9, 10, 8.75, 10.5], "texture": "#0"}
			}
		},
		{
			"from": [8, 15, -4],
			"to": [10, 16, -3],
			"rotation": {"angle": 0, "axis": "y", "origin": [8, 15, -5]},
			"faces": {
				"north": {"uv": [1, 10.25, 1.5, 10.5], "texture": "#0"},
				"east": {"uv": [4, 10.5, 4.25, 10.75], "texture": "#0"},
				"south": {"uv": [1.5, 10.25, 2, 10.5], "texture": "#0"},
				"west": {"uv": [10.5, 4, 10.75, 4.25], "texture": "#0"},
				"up": {"uv": [2.5, 10.5, 2, 10.25], "texture": "#0"},
				"down": {"uv": [3.5, 10.25, 3, 10.5], "texture": "#0"}
			}
		},
		{
			"from": [6, 15, -4],
			"to": [8, 16, -3],
			"rotation": {"angle": 0, "axis": "y", "origin": [6, 15, -5]},
			"faces": {
				"north": {"uv": [0.25, 10.25, 0.75, 10.5], "texture": "#0"},
				"east": {"uv": [10.5, 3.5, 10.75, 3.75], "texture": "#0"},
				"south": {"uv": [10.25, 0.25, 10.75, 0.5], "texture": "#0"},
				"west": {"uv": [3.75, 10.5, 4, 10.75], "texture": "#0"},
				"up": {"uv": [10.75, 0.75, 10.25, 0.5], "texture": "#0"},
				"down": {"uv": [10.75, 0.75, 10.25, 1], "texture": "#0"}
			}
		},
		{
			"from": [5, 15, -3],
			"to": [6, 16, 0],
			"rotation": {"angle": 0, "axis": "y", "origin": [5, 15, -2]},
			"faces": {
				"north": {"uv": [10.5, 3.25, 10.75, 3.5], "texture": "#0"},
				"east": {"uv": [0, 10, 0.75, 10.25], "texture": "#0"},
				"south": {"uv": [3.5, 10.5, 3.75, 10.75], "texture": "#0"},
				"west": {"uv": [10, 0, 10.75, 0.25], "texture": "#0"},
				"up": {"uv": [10.25, 1, 10, 0.25], "texture": "#0"},
				"down": {"uv": [1, 10, 0.75, 10.75], "texture": "#0"}
			}
		},
		{
			"from": [10, 15, -3],
			"to": [11, 16, 0],
			"rotation": {"angle": 0, "axis": "y", "origin": [10, 15, -2]},
			"faces": {
				"north": {"uv": [4.25, 10.5, 4.5, 10.75], "texture": "#0"},
				"east": {"uv": [1, 10, 1.75, 10.25], "texture": "#0"},
				"south": {"uv": [10.5, 4.25, 10.75, 4.5], "texture": "#0"},
				"west": {"uv": [1.75, 10, 2.5, 10.25], "texture": "#0"},
				"up": {"uv": [2.75, 10.75, 2.5, 10], "texture": "#0"},
				"down": {"uv": [3, 10, 2.75, 10.75], "texture": "#0"}
			}
		},
		{
			"from": [9, 15, 0],
			"to": [10, 16, 2],
			"rotation": {"angle": 0, "axis": "y", "origin": [9, 15, -1]},
			"faces": {
				"north": {"uv": [10.5, 3, 10.75, 3.25], "texture": "#0"},
				"east": {"uv": [10, 8.75, 10.5, 9], "texture": "#0"},
				"south": {"uv": [3.25, 10.5, 3.5, 10.75], "texture": "#0"},
				"west": {"uv": [9, 10, 9.5, 10.25], "texture": "#0"},
				"up": {"uv": [10.25, 10.25, 10, 9.75], "texture": "#0"},
				"down": {"uv": [0.25, 10.25, 0, 10.75], "texture": "#0"}
			}
		}
	],
	"display": {
		"thirdperson_righthand": {
			"translation": [0, -2, 0.25],
			"scale": [0.3, 0.3, 0.3]
		},
		"thirdperson_lefthand": {
			"translation": [0, -2, 0.25],
			"scale": [0.3, 0.3, 0.3]
		},
		"firstperson_righthand": {
			"rotation": [35, -180, -25],
			"translation": [1.75, 1.75, 0],
			"scale": [0.3, 0.3, 0.3]
		},
		"firstperson_lefthand": {
			"rotation": [35, -180, -25],
			"translation": [1.75, 1.75, 0],
			"scale": [0.3, 0.3, 0.3]
		},
		"ground": {
			"translation": [0, -2.25, 0],
			"scale": [0.3, 0.3, 0.3]
		},
		"gui": {
			"rotation": [90, 0, 0],
			"translation": [0, 0.5, 0],
			"scale": [0.5, 0.5, 0.5]
		},
		"fixed": {
			"rotation": [-90, -180, 0],
			"translation": [0, -1.5, 6.5],
			"scale": [0.9, 0.9, 0.9]
		}
	}
}