{
	"format_version": "1.9.0",
	"credit": "Made with Blockbench",
	"texture_size": [64, 64],
	"textures": {
		"0": "timewalker:item/eon_portal",
		"particle": "timewalker:item/eon_portal"
	},
	"elements": [
		{
			"from": [4, -16, 4],
			"to": [12, 32, 12],
			"rotation": {"angle": 0, "axis": "y", "origin": [7, 0, 7]},
			"faces": {
				"north": {"uv": [0, 0, 2, 12], "texture": "#0"},
				"east": {"uv": [2, 0, 4, 12], "texture": "#0"},
				"south": {"uv": [4, 0, 6, 12], "texture": "#0"},
				"west": {"uv": [6, 0, 8, 12], "texture": "#0"},
				"up": {"uv": [10, 2, 8, 0], "texture": "#0"},
				"down": {"uv": [10, 2, 8, 4], "texture": "#0"}
			}
		}
	],
	"display": {
		"thirdperson_righthand": {
			"rotation": [90, 0, 0],
			"translation": [-6.25, 0, 0]
		},
		"head": {
			"translation": [0, 52.75, 0],
			"scale": [1, 4, 1]
		}
	}
}