{
    "display": {
        "title": {
            "text": "No! It’s not my time!",
            "color": "light_purple"
        },
        "description": {
            "text": "Kill Eon (Dont worry if the advancement is blank after killing him, this is done so you can re-unlock him if need be :)"
        },
        "icon": {
            "item": "minecraft:clock"
        },
        "frame": "challenge",
        "show_toast": true,
        "announce_to_chat": true,
        "hidden": false
    },
    "parent": "timewalker:root",
    "criteria": {
        "kill": {
            "trigger": "minecraft:player_killed_entity",
            "conditions": {
                "entity": {
                    "type": "minecraft:husk",
                    "nbt": "{Tags:[\"eon\"]}"
                },
                "killing_blow": {
                    "source_entity": {
                        "type": "minecraft:player"
                    }
                }
            }
        }
    },
    "rewards": {
        "function": "timewalker:kill_eon"
    }
}