{
  "name": "eon",
  "icon": "minecraft:blaze_rod",
  "background": "alienevo:textures/gui/power_screen/power_screen.png",
  "primary_color": "#8ed721",
  "allow_bar_shrinking": false,
  "secondary_color": "#332e27",
  "ability_bar_texture": "alienevo:textures/gui/ability_bar/interface.png",
  "hidden": false,
    "energy_bars": {
   "eon_meter": {
       "max": 500,
       "auto_increase_per_tick": 1,
       "color": "#c765ce"
   }
},
  "abilities": {

    "hideBody": {
      "type": "palladium:hide_body_part",
      "icon": "minecraft:blaze_rod",
      "bar_color": "light_gray",
      "hidden": true,
      "hidden_in_bar": true,
      "affects_first_person": true,
      "body_parts": [
        "right_arm",
        "left_arm",
        "chest",
        "chest_overlay",
        "right_arm_overlay",
        "left_arm_overlay",
        "right_leg",
        "left_leg",
        "cape",
        "right_leg_overlay",
        "left_leg_overlay",
        "head",
        "head_overlay"
      ]
    },
    "changeName": {
      "type": "palladium:name_change",
      "icon": "minecraft:blaze_rod",
      "hidden": true,
      "hidden_in_bar": true,
      "name": {
        "text": "Chronian"
      }
    },
    "renderLayer": {
      "type": "palladium:render_layer",
      "hidden": true,
      "render_layer": "timewalker:chronian"
    },
    "teleport": {
            "type": "palladium:command",
            "icon": "minecraft:clock",
            "title": "Teleport",
            "bar_color": "purple",
             "persistent_data": true,
            "hidden": false,
            "hidden_in_bar": false,
            "energy_bar_usage": {
   "energy_bar": "eon_meter",
   "amount": 20
},
            "list_index": 0,
             "gui_position": [
                0,
                -1
            ],
            "description": "Teleport to wherever you look",
            "first_tick_commands": [],
            "last_tick_commands": [],
            "commands": [
                "tag @s add eon_teleport_tag",
                "function timewalker:eon_tp_start"
               
            ],
            "conditions": {
                
                "enabling": [
                   {
    "type": "palladium:action",
    "cooldown": 0,
    "key_type": "key_bind",
    "needs_empty_hand": false,
    "allow_scrolling_when_crouching": true
}
                ],
                "unlocking":[
                      {
                        "type": "palladium:crouching"
                    },
                    {
      "type": "palladium:energy_bar",
      "energy_bar": "eon_meter",
      "min": 20
   }
                    
                ]
            }
            
    },
    "teleport_command": {
           "type": "palladium:dummy",
            "icon": "minecraft:clock",
            "title": "Teleport Command",
            "bar_color": "light_blue",
             "persistent_data": true,
            "hidden": false,
            "hidden_in_bar": false,
              "energy_bar_usage": {
   "energy_bar": "eon_meter",
   "amount": 50
},
            "list_index": -1,
            "gui_position": [
                0,
                -2
            ],
            "description": "Lets you use the timewalker_tp command, the format is timewalker_tp x y z example:example",
            "first_tick_commands": [],
            "last_tick_commands": [],
            "commands": [
                ""
            ],
            "conditions": {
                
                "enabling": [
                    {
                        "type": "palladium:true"
                    }
                ],
                "unlocking":[
                    {
    "type": "palladium:or",
    "conditions": [
        {
    "type": "palladium:item_in_slot",
    "item": {
        "item": "timewalker:chrononavigator_gauntlet"
    },
    "slot": "mainhand"
},
{
    "type": "palladium:item_in_slot",
    "item": {
        "item": "timewalker:chrononavigator_gauntlet"
    },
    "slot": "offhand"
},
{
    "type": "palladium:item_in_slot",
    "item": {
        "item": "timewalker:chrononavigator_watch"
    },
    "slot": "mainhand"
},
{
    "type": "palladium:item_in_slot",
    "item": {
        "item": "timewalker:chrononavigator_watch"
    },
    "slot": "offhand"
}
    ]
}

                ]
            }
    },
     "teleport_command2": {
           "type": "palladium:dummy",
            "icon": "minecraft:clock",
            "title": "Teleport Command",
            "bar_color": "light_blue",
             "persistent_data": true,
            "hidden": false,
            "hidden_in_bar": false,
            "list_index": -1,
            "gui_position": [
                0,
                -2
            ],
            "description": "Lets you use the timewalker_tp command, the format is timewalker_tp x y z example:example",
            "first_tick_commands": [],
            "last_tick_commands": [],
            "commands": [
                ""
            ],
            "conditions": {
                
                "enabling": [
                    {
                        "type": "palladium:true"
                    }
                ],
                "unlocking":[
                    {
      "type": "palladium:energy_bar",
      "energy_bar": "eon_meter",
      "min": 50
   }
                ]
               
            }
    },
     "fast_forward": {
            "type": "palladium:command",
            "icon": "minecraft:clock",
            "title": "Fast Forward",
            "bar_color": "lime",
            "hidden": false,
            "hidden_in_bar": false,
            "list_index": 2,
            "gui_position": [
                0,
                1
            ],
            "description": "Fast forwards daylight cycle",
              "energy_bar_usage": {
   "energy_bar": "eon_meter",
   "amount": 1
},
            "first_tick_commands": [],
            "last_tick_commands": [],
            "commands": [
                "time add 100"
                    
            ],
            "conditions": {
                
                "enabling": [
                    {
                        "type": "palladium:held",
                        "cooldown": 0,
                        "key_type": "key_bind",
                        "needs_empty_hand": false
                    }
                ],
                "unlocking":[  {
      "type": "palladium:energy_bar",
      "energy_bar": "eon_meter",
      "min": 1
   }]
            }
        },
        "stop_time": {
            "type": "palladium:command",
            "icon": "minecraft:barrier",
            "title": "Stop Time",
            "bar_color": "lime",
            "hidden": false,
            "hidden_in_bar": false,
            "list_index": 3,
              "energy_bar_usage": {
   "energy_bar": "eon_meter",
   "amount": 100
},
            "gui_position": [
                0,
                0
            ],
            "description": "Stops the daylight cycle",
            "first_tick_commands": [],
            "last_tick_commands": [],
            "commands": [
                "gamerule doDaylightCycle false"
              
            ],
            "conditions": {
                
                "enabling": [
                    {
                        "type": "palladium:action",
                        "cooldown": 0,
                        "key_type": "key_bind",
                        "needs_empty_hand": false,
                        "allow_scrolling_when_crouching": true
                    }
                ],
                "unlocking":[
                     {
                        "type": "palladium:crouching"
                    },
                    {
      "type": "palladium:energy_bar",
      "energy_bar": "eon_meter",
      "min": 100
   }
                ]
            }
        },
        "start_time": {
            "type": "palladium:command",
            "icon": "minecraft:clock",
            "title": "Start Time",
            "bar_color": "lime",
            "hidden": true,
            "hidden_in_bar": false,
            "list_index": 3,
            "gui_position": [
                1,
                0
            ],
            "description": "Starts the daylight cycle",
              "energy_bar_usage": {
   "energy_bar": "eon_meter",
   "amount": 100
},
            "first_tick_commands": [],
            "last_tick_commands": [],
            "commands": [
                "gamerule doDaylightCycle true"
              
            ],
            "conditions": {
                
                "enabling": [
                    {
                        "type": "palladium:action",
                        "cooldown": 0,
                        "key_type": "key_bind",
                        "needs_empty_hand": false,
                        "allow_scrolling_when_crouching": true
                    }
                ],
                "unlocking": [
                  {
                "type": "palladium:not",
                "conditions": [
                    {
                        "type": "palladium:crouching"
                    }
                ]
            },
            {
      "type": "palladium:energy_bar",
      "energy_bar": "eon_meter",
      "min": 100
   }
                ]
            }
        },
          "speed":{
            "type": "palladium:attribute_modifier",
            "icon": "infinity:textures/icon/force_field.png",
            "title": "Speed",
            "bar_color": "light_blue",
            "hidden": false,
            "persistent_data": true,
            "hidden_in_bar": true,
            "list_index": -1,
            "description": "Lets you run faster",
            "attribute": "minecraft:generic.movement_speed",
            "amount": 0.05,
            "operation": 0,
            "uuid": "498be4fb-af04-42f2-8948-e6ccdc0d99e1"
        },
 "effects":{
    "type": "palladium:command",
    "icon": "alienevo:textures/gui/detransform/detransform_prototype_red.png",
    "title": "null",
    "bar_color": "red",
    "hidden": false,
    "hidden_in_bar": false,
    "list_index": 1,
    "gui_position": "null",
    "description": "null",
    "first_tick_commands": [
        "effect give @s minecraft:water_breathing infinite 1 true",
        "effect give @s minecraft:strength infinite 3 true",
        "effect give @s minecraft:fire_resistance infinite 3 true"
    ],
    "last_tick_commands": ["effect clear @s minecraft:water_breathing","effect clear @s minecraft:saturation","effect clear @s minecraft:strength", "effect clear @s minecraft:fire_resistance"],
    "commands": [
        ""
    ]
},
  "power_bast_mainhand": {
            "type": "palladium:energy_beam",
             "persistent_data": true,
            "icon": "infinity:textures/icon/power_blast.png",
            "title": "Power Blast",
            "bar_color": "purple",
            "hidden": true,
            "hidden_in_bar": true,
            "list_index": -1,
            "gui_position": "null",
            "description": "null",
            "energy_beam": "infinity:gauntlet_beam_mainhand",
            "damage": 5,
            "max_distance": 100,
            "speed": 1,
            "set_on_fire_seconds": 1,
            "cause_fire": true,
            "smelt_blocks": true,
            "conditions": {
               
                "enabling": [
                    {
                        "type": "palladium:ability_enabled",
                        "ability": "power_blast_aim_mainhand"
                    }
                   
                ]
               
            }
            
        },
        "power_blast_aim_mainhand": {
            "type": "palladium:aim",
            "icon": "timewalker:textures/icon/power_blast.png",
            "title": "Power Blast",
             "persistent_data": true,
            "bar_color": "purple",
              "energy_bar_usage": {
   "energy_bar": "eon_meter",
   "amount": 2
},
            "hidden": true,
            "hidden_in_bar": false,
            "list_index": 1,
            "gui_position": "null",
            "description": "A powerful beam that deals a near infinite amount of damage. It has a range of 100 blocks, smelts blocks and causes fire",
            "time": 1,
            "arm": "main_arm",
            "conditions": {
                
                "enabling": [
                    {
                        "type": "palladium:held",
                        "cooldown": 0
                    }
                ],
                "unlocking":[
                     {
      "type": "palladium:energy_bar",
      "energy_bar": "eon_meter",
      "min": 50
   }
                ]
         
            }
        },
      
          "grab_entity": {
            "type": "palladium:command",
            "icon": "infinity:space_stone",
            "title": "Telekinesis",
            "bar_color": "light_blue",
             "persistent_data": true,
               "energy_bar_usage": {
   "energy_bar": "eon_meter",
   "amount": 1
},
            "hidden": false,
            "hidden_in_bar": false,
            "list_index": 0,
            "description": "Telekinesis, pretty self explanitory",
            "first_tick_commands": [],
            "last_tick_commands": [],
            "commands": [
                "execute as @s run execute at @s run tp @e[type=!player,type=!item,distance=..7] ^ ^1 ^5",
                "execute as @s run execute at @s run particle dust 0.667 0.0 1.0 1 ^ ^1.5 ^5 0.3 0.3 0.3 0 50"
               
            ],
            "conditions": {
                
                "enabling": [
                    {
                        "type": "palladium:held",
                        "cooldown": 0
                    }
                ],
                "unlocking": [
                    {
                "type": "palladium:not",
                "conditions": [
                    {
                        "type": "palladium:crouching"
                    }
                ]
            },
              {
      "type": "palladium:energy_bar",
      "energy_bar": "eon_meter",
      "min": 50
   }
                    
                ]
            }
            
        },



         "projectile_stop": {
            "type": "palladium:command",
            "icon": "infinity:textures/icon/no_arrow.png",
            "title": "Stop Projectile",
            "bar_color": "lime",
            "hidden": false,
            "hidden_in_bar": false,
            "list_index": 2,
            "gui_position": [
                -1,
                0
            ],
            "description": "Stops all projectiles around you. When you laeve them, the projectiles will eventually regain momentumn",
            "first_tick_commands": [],
            "last_tick_commands": [],
            "commands": [
                "function timewalker:stop"
            ]
           
        },
      "slot_restriction": {
      "type": "palladium:restrict_slots",
      "hidden": true,
      "hidden_in_bar": false,
      "slots": [
        "head",
        "chest",
        "legs",
        "feet",
        "trinkets:head/hat",
        "trinkets:head/face",
        "trinkets:chest/back",
        "trinkets:chest/necklace",
        "trinkets:chest/cape",
        "trinkets:hand/ring",
        "trinkets:hand/glove",
        "trinkets:offhand/glove",
        "trinkets:offhand/ring",
        "curios:hands"
      ]
    },
      "remove": {
            "type": "palladium:command",
            "icon": "infinity:space_stone",
            "title": "Telekinesis",
            "bar_color": "light_blue",
             "persistent_data": true,
            "hidden": false,
            "hidden_in_bar": false,
            "list_index": 0,
            "description": "Telekinesis, pretty self explanitory",
            "first_tick_commands": [],
            "last_tick_commands": [],
            "commands": [
                "superpower remove timewalker:eon @s",
                "superpower add timewalker:eon_scanned2 @s"
               
            ],
            "conditions": {
                
               
                "unlocking": [
                    {
    "type": "palladium:has_power",
    "power": "alienevo:prototype_omnitrix"
}
                ]
            }
            
        }
  }
}