{
  "name": {
    "text": "transform bubble"
  },
  "icon": {
    "type": "palladium:texture",
    "texture": "alienevo:textures/gui/camtest/pyro_face.png"
  },
  "persistent_data": true,
  "hidden": true,
  "abilities": {
    "transform_bubble": {
      "type": "palladium:command",
      "hidden": true,
      "commands": [
        "superpower remove timewalker:transform_bubble_eon"
      ],
      "conditions": {
        "enabling": [
          {
            "type": "palladium:animation_timer_ability",
            "power": "null",
            "ability": "transform_timer",
            "min": 10,
            "max": 10
          }
        ]
      }
    },
    "transform_timer": {
      "type": "palladium:animation_timer",
      "icon": "minecraft:blaze_rod",
      "title": "null",
      "bar_color": "light_gray",
      "hidden": true,
      "hidden_in_bar": true,
      "list_index": -1,
      "gui_position": "null",
      "description": "null",
      "start_value": 0,
      "max_value": 10
    },
    "transform": {
      "type": "palladium:energy_beam",
      "icon": "minecraft:blaze_rod",
      "title": "null",
      "bar_color": "light_gray",
      "hidden": false,
      "hidden_in_bar": false,
      "list_index": 2,
      "gui_position": "null",
      "description": "null",
      "energy_beam": "alienevo:transform_bubbles/transform_bubble_purple",
      "damage": 0,
      "max_distance": 3,
      "speed": 200,
      "set_on_fire_seconds": 0,
      "cause_fire": false,
      "smelt_blocks": false
    }
  }
}