{
    "display": {
        "title": {
            "text": "kill Eon",
            "color": "light_purple"
        },
        "description": {
            "text": "kill Eon"
        },
        "icon": {
            "item": "minecraft:clock"
        },
        "frame": "challenge",
        "show_toast": true,
        "announce_to_chat": true,
        "hidden": false
    },
    "parent": "timewalker:root",
    "criteria": {
        "kill": {
            "trigger": "minecraft:player_killed_entity",
            "conditions": {
                "entity": {
                    "type": "minecraft:husk",
                    "nbt": "{Tags:[\"eon\"]}"
                },
                "killing_blow": {
                    "source_entity": {
                        "type": "minecraft:player"
                    }
                }
            }
        }
    },
    "rewards": {
        "function": "timewalker:test"
    }
}