{
    "type": "minecraft:crafting_shaped",
    "pattern": [
        "LQG",
        "QNQ",
        "FQV"
    ],
    "key": {
        "Q": {
            "item": "minecraft:quartz"
        },
        "L": {
            "item": "palladium:lead_ingot"
        },
         "G": {
            "item": "alienevo:upgrade_chip"
        },
         "N": {
            "item": "minecraft:nether_star"
        },
         
         "F": {
            "item": "palladium:quartz_flux_capacitor"
        },
         "V": {
            "item": "palladium:vibranium_ingot"
        }
        
    
    },
    "result": {
        "item": "timewalker:time_tunnel",
        "count": 1
    }
}