{
  "type": "palladium:compound",
  "layers": [
    {
      "type": "geckolib:default",
      "model": {
        "normal": "alienevo:geo/10k/10k_omnitrix.geo.json",
        "slim": "alienevo:geo/10k/10k_omnitrix_slim.geo.json"
      },
      "animation_file": "alienevo:animations/omnitrix.animation.json",
      "animation_controller": [
        {
          "name": "spin",
          "transition_tick_time": 0,
          "triggers": {
            "scan_trigger": [
              {
                "type": "then_play_and_hold",
                "animation": "animation.prototype.scan"
              }
            ],
            "scan2_trigger": [
              {
                "type": "then_play_and_hold",
                "animation": "animation.prototype.scan2"
              }
            ],
            "spinl_trigger": [
              {
                "type": "then_play_and_hold",
                "animation": "animation.prototype.spinleft"
              }
            ],
            "spinr_trigger": [
              {
                "type": "then_play_and_hold",
                "animation": "animation.prototype.spinright"
              }
            ],
            "open_trigger": [
              {
                "type": "then_play_and_hold",
                "animation": "animation.prototype.open"
              }
            ],
            "close_trigger": [
              {
                "type": "then_play_and_hold",
                "animation": "animation.prototype.close"
              }
            ],
            "settings_trigger": [
              {
                "type": "then_play_and_hold",
                "animation": "animation.prototype.settings_open"
              }
            ],
            "settings_trigger_close": [
              {
                "type": "then_play_and_hold",
                "animation": "animation.prototype.settings_close"
              }
            ],
            "settings_trigger_right": [
              {
                "type": "then_play_and_hold",
                "animation": "animation.prototype.settings_spinright"
              }
            ],
            "settings_trigger_left": [
              {
                "type": "then_play_and_hold",
                "animation": "animation.prototype.settings_spinleft"
              }
            ],
            "playlist_swap": [
              {
                "type": "then_play_and_hold",
                "animation": "animation.prototype.playlistchange"
              }
            ],
            "code_right": [
              {
                "type": "then_play_and_hold",
                "animation": "animation.prototype.alt_spinright"
              }
            ],
            "code_left": [
              {
                "type": "then_play_and_hold",
                "animation": "animation.prototype.alt_spinleft"
              }
            ],
            "master_control": [
              {
                "type": "then_play_and_hold",
                "animation": "animation.prototype.unlock_master"
              }
            ]
          }
        }
      ],
      "texture": {
        "base": "alienevo:textures/models/prototype_omnitrix/prototype.png",
        "transformers": [
          {
            "type": "palladium:overlay",
            "overlay": "alienevo:textures/models/prototype_omnitrix/base_primary/base_primary_#A.png"
          },
          {
            "type": "palladium:overlay",
            "overlay": "alienevo:textures/models/prototype_omnitrix/base_secondary/base_secondary_#B.png"
          },
          {
            "type": "palladium:overlay",
            "overlay": "alienevo:textures/models/prototype_omnitrix/base_tertiary/base_tertiary_#C.png"
          },
          {
            "type": "palladium:overlay",
            "overlay": "alienevo:textures/models/prototype_omnitrix/buttons/buttons_#D.png"
          },
          {
            "type": "palladium:overlay",
            "overlay": "alienevo:textures/models/prototype_omnitrix/core_side/core_side_#E.png"
          },
          {
            "type": "palladium:overlay",
            "overlay": "alienevo:textures/models/prototype_omnitrix/core_top/core_top_#F.png"
          },
          {
            "type": "palladium:overlay",
            "overlay": "alienevo:textures/models/prototype_omnitrix/dial_inner/dial_inner_#G.png"
          },
          {
            "type": "palladium:overlay",
            "overlay": "alienevo:textures/models/prototype_omnitrix/dial_outer/dial_outer_#H.png"
          },
          {
            "type": "palladium:overlay",
            "overlay": "alienevo:textures/models/prototype_omnitrix/tubes/tubes_#I.png"
          },
          {
            "type": "palladium:alpha_mask",
            "mask": "alienevo:textures/models/alpha_masks/prototype/prototype_core_#J.png"
          },
          {
            "type": "palladium:alpha_mask",
            "mask": "alienevo:textures/models/alpha_masks/prototype/prototype_stage_#K.png"
          }
        ],
        "variables": {
          "A": {
            "type": "palladium:objective_score",
            "objective": "AlienEvo.BasePrimary"
          },
          "B": {
            "type": "palladium:objective_score",
            "objective": "AlienEvo.BaseSecondary"
          },
          "C": {
            "type": "palladium:objective_score",
            "objective": "AlienEvo.BaseTertiary"
          },
          "D": {
            "type": "palladium:objective_score",
            "objective": "AlienEvo.Buttons"
          },
          "E": {
            "type": "palladium:objective_score",
            "objective": "AlienEvo.CoreSide"
          },
          "F": {
            "type": "palladium:objective_score",
            "objective": "AlienEvo.CoreTop"
          },
          "G": {
            "type": "palladium:objective_score",
            "objective": "AlienEvo.DialInner"
          },
          "H": {
            "type": "palladium:objective_score",
            "objective": "AlienEvo.DialOuter"
          },
          "I": {
            "type": "palladium:objective_score",
            "objective": "AlienEvo.Tubes"
          },
          "J": {
            "type": "palladium:objective_score",
            "objective": "AlienEvo.NoCore"
          },
          "K": {
            "type": "palladium:objective_score",
            "objective": "AlienEvo.10kStage"
          }
        },
        "output": "alienevo:textures/models/prototype_omnitrix/parts_#A_#B_#C_#D_#E_#F_#G_#H_#I_#J_#K.png"
      },
      "conditions": [
        {
          "type": "palladium:objective_score",
          "objective": "AlienEvo.10kPhase",
          "min_score": 1,
          "max_score": 1
        },
        {
          "type": "palladium:objective_score",
          "objective": "Furry_Form",
          "min_score": 1,
          "max_score": 1
        }
      ]
    },
    {
      "type": "geckolib:default",
      "model": {
        "normal": "alienevo:geo/prototype_omnitrix.geo.json",
        "slim": "alienevo:geo/prototype_omnitrix_slim.geo.json"
      },
      "animation_file": "alienevo:animations/omnitrix.animation.json",
      "animation_controller": [
        {
          "name": "spin",
          "transition_tick_time": 0,
          "triggers": {
            "scan_trigger": [
              {
                "type": "then_play_and_hold",
                "animation": "animation.prototype.scan"
              }
            ],
            "scan2_trigger": [
              {
                "type": "then_play_and_hold",
                "animation": "animation.prototype.scan2"
              }
            ],
            "spinl_trigger": [
              {
                "type": "then_play_and_hold",
                "animation": "animation.prototype.spinleft"
              }
            ],
            "spinr_trigger": [
              {
                "type": "then_play_and_hold",
                "animation": "animation.prototype.spinright"
              }
            ],
            "open_trigger": [
              {
                "type": "then_play_and_hold",
                "animation": "animation.prototype.open"
              }
            ],
            "close_trigger": [
              {
                "type": "then_play_and_hold",
                "animation": "animation.prototype.close"
              }
            ],
            "settings_trigger": [
              {
                "type": "then_play_and_hold",
                "animation": "animation.prototype.settings_open"
              }
            ],
            "settings_trigger_close": [
              {
                "type": "then_play_and_hold",
                "animation": "animation.prototype.settings_close"
              }
            ],
            "settings_trigger_right": [
              {
                "type": "then_play_and_hold",
                "animation": "animation.prototype.settings_spinright"
              }
            ],
            "code_right": [
              {
                "type": "then_play_and_hold",
                "animation": "animation.prototype.alt_spinright"
              }
            ],
            "code_left": [
              {
                "type": "then_play_and_hold",
                "animation": "animation.prototype.alt_spinleft"
              }
            ],
            "settings_trigger_left": [
              {
                "type": "then_play_and_hold",
                "animation": "animation.prototype.settings_spinleft"
              }
            ],
            "playlist_swap": [
              {
                "type": "then_play_and_hold",
                "animation": "animation.prototype.playlistchange"
              }
            ],
            "master_control": [
              {
                "type": "then_play_and_hold",
                "animation": "animation.prototype.unlock_master"
              }
            ]
          }
        }
      ],
      "texture": {
        "base": "alienevo:textures/models/prototype_omnitrix/prototype.png",
        "transformers": [
          {
            "type": "palladium:overlay",
            "overlay": "alienevo:textures/models/prototype_omnitrix/base_primary/base_primary_#A.png"
          },
          {
            "type": "palladium:overlay",
            "overlay": "alienevo:textures/models/prototype_omnitrix/base_secondary/base_secondary_#B.png"
          },
          {
            "type": "palladium:overlay",
            "overlay": "alienevo:textures/models/prototype_omnitrix/base_tertiary/base_tertiary_#C.png"
          },
          {
            "type": "palladium:overlay",
            "overlay": "alienevo:textures/models/prototype_omnitrix/buttons/buttons_#D.png"
          },
          {
            "type": "palladium:overlay",
            "overlay": "alienevo:textures/models/prototype_omnitrix/core_side/core_side_#E.png"
          },
          {
            "type": "palladium:overlay",
            "overlay": "alienevo:textures/models/prototype_omnitrix/core_top/core_top_#F.png"
          },
          {
            "type": "palladium:overlay",
            "overlay": "alienevo:textures/models/prototype_omnitrix/dial_inner/dial_inner_#G.png"
          },
          {
            "type": "palladium:overlay",
            "overlay": "alienevo:textures/models/prototype_omnitrix/dial_outer/dial_outer_#H.png"
          },
          {
            "type": "palladium:overlay",
            "overlay": "alienevo:textures/models/prototype_omnitrix/tubes/tubes_#I.png"
          },
          {
            "type": "palladium:alpha_mask",
            "mask": "alienevo:textures/models/alpha_masks/prototype/prototype_core_#J.png"
          }
        ],
        "variables": {
          "A": {
            "type": "palladium:objective_score",
            "objective": "AlienEvo.BasePrimary"
          },
          "B": {
            "type": "palladium:objective_score",
            "objective": "AlienEvo.BaseSecondary"
          },
          "C": {
            "type": "palladium:objective_score",
            "objective": "AlienEvo.BaseTertiary"
          },
          "D": {
            "type": "palladium:objective_score",
            "objective": "AlienEvo.Buttons"
          },
          "E": {
            "type": "palladium:objective_score",
            "objective": "AlienEvo.CoreSide"
          },
          "F": {
            "type": "palladium:objective_score",
            "objective": "AlienEvo.CoreTop"
          },
          "G": {
            "type": "palladium:objective_score",
            "objective": "AlienEvo.DialInner"
          },
          "H": {
            "type": "palladium:objective_score",
            "objective": "AlienEvo.DialOuter"
          },
          "I": {
            "type": "palladium:objective_score",
            "objective": "AlienEvo.Tubes"
          },
          "J": {
            "type": "palladium:objective_score",
            "objective": "AlienEvo.NoCore"
          }
        },
        "output": "alienevo:textures/models/prototype_omnitrix/parts_#A_#B_#C_#D_#E_#F_#G_#H_#I_#J.png"
      },
      "conditions": [
        {
          "type": "palladium:objective_score",
          "objective": "Furry_Form",
          "min_score": 0,
          "max_score": 1
        },
        {
          "type": "palladium:not",
          "conditions": [
            {
              "type": "palladium:or",
              "conditions": [
                {
                  "type": "palladium:objective_score",
                  "objective": "AlienEvo.10kPhase",
                  "min_score": 1,
                  "max_score": 1
                }
              ]
            }
          ]
        }
      ]
    },
    {
      "type": "geckolib:default",
      "model": {
        "normal": "alienevo:geo/prototype_omnitrix.geo.json",
        "slim": "alienevo:geo/prototype_omnitrix_slim.geo.json"
      },
      "animation_file": "alienevo:animations/omnitrix.animation.json",
      "animation_controller": [
        {
          "name": "spin",
          "transition_tick_time": 0,
          "triggers": {
            "scan_trigger": [
              {
                "type": "then_play_and_hold",
                "animation": "animation.prototype.scan"
              }
            ],
            "scan2_trigger": [
              {
                "type": "then_play_and_hold",
                "animation": "animation.prototype.scan2"
              }
            ],
            "spinl_trigger": [
              {
                "type": "then_play_and_hold",
                "animation": "animation.prototype.spinleft"
              }
            ],
            "spinr_trigger": [
              {
                "type": "then_play_and_hold",
                "animation": "animation.prototype.spinright"
              }
            ],
            "open_trigger": [
              {
                "type": "then_play_and_hold",
                "animation": "animation.prototype.open"
              }
            ],
            "close_trigger": [
              {
                "type": "then_play_and_hold",
                "animation": "animation.prototype.close"
              }
            ],
            "settings_trigger": [
              {
                "type": "then_play_and_hold",
                "animation": "animation.prototype.settings_open"
              }
            ],
            "settings_trigger_close": [
              {
                "type": "then_play_and_hold",
                "animation": "animation.prototype.settings_close"
              }
            ],
            "settings_trigger_right": [
              {
                "type": "then_play_and_hold",
                "animation": "animation.prototype.settings_spinright"
              }
            ],
            "code_right": [
              {
                "type": "then_play_and_hold",
                "animation": "animation.prototype.alt_spinright"
              }
            ],
            "code_left": [
              {
                "type": "then_play_and_hold",
                "animation": "animation.prototype.alt_spinleft"
              }
            ],
            "settings_trigger_left": [
              {
                "type": "then_play_and_hold",
                "animation": "animation.prototype.settings_spinleft"
              }
            ],
            "playlist_swap": [
              {
                "type": "then_play_and_hold",
                "animation": "animation.prototype.playlistchange"
              }
            ],
            "master_control": [
              {
                "type": "then_play_and_hold",
                "animation": "animation.prototype.unlock_master"
              }
            ]
          }
        }
      ],
      "texture": {
        "base": "alienevo:textures/models/prototype_omnitrix/prototype_glow_#WATCHSTATE.png",
        "transformers": [
          {
            "type": "palladium:alpha_mask",
            "mask": "alienevo:textures/models/alpha_masks/prototype/prototype_core_#J.png"
          },
          {
            "type": "palladium:overlay",
            "overlay": "alienevo:textures/models/prototype_omnitrix/prototype_inverted_#H.png"
          },
          {
            "type": "palladium:color",
            "color": "##GLOW_1",
            "filter": "#b3ff40",
            "ignore_blank": true
          },
          {
            "type": "palladium:color",
            "color": "##GLOW_2",
            "filter": "#a7f72e",
            "ignore_blank": true
          },
          {
            "type": "palladium:color",
            "color": "##GLOW_3",
            "filter": "#8ed721",
            "ignore_blank": true
          }
        ],
        "variables": {
          "WATCHSTATE": {
            "type": "palladium:string_property",
            "property": "watch_state"
          },
          "J": {
            "type": "palladium:objective_score",
            "objective": "AlienEvo.NoCore"
          },
          "H": {
            "type": "palladium:objective_score",
            "objective": "AlienEvo.Invert"
          },
          "GLOW_1": {
            "type": "palladium:string_property",
            "property": "prototype_glow_color_1"
          },
          "GLOW_2": {
            "type": "palladium:string_property",
            "property": "prototype_glow_color_2"
          },
          "GLOW_3": {
            "type": "palladium:string_property",
            "property": "prototype_glow_color_3"
          }
        }
      },
      "conditions": [
        {
          "type": "palladium:objective_score",
          "objective": "AlienEvo.10kPhase",
          "min_score": 0,
          "max_score": 0
        },
        {
          "type": "palladium:objective_score",
          "objective": "Furry_Form",
          "min_score": 1,
          "max_score": 1
        }
      ]
    },
    {
      "type": "geckolib:default",
      "model": {
        "normal": "alienevo:geo/10k/10k_omnitrix.geo.json",
        "slim": "alienevo:geo/10k/10k_omnitrix_slim.geo.json"
      },
      "animation_file": "alienevo:animations/omnitrix.animation.json",
      "animation_controller": [
        {
          "name": "spin",
          "transition_tick_time": 0,
          "triggers": {
            "scan_trigger": [
              {
                "type": "then_play_and_hold",
                "animation": "animation.prototype.scan"
              }
            ],
            "scan2_trigger": [
              {
                "type": "then_play_and_hold",
                "animation": "animation.prototype.scan2"
              }
            ],
            "spinl_trigger": [
              {
                "type": "then_play_and_hold",
                "animation": "animation.prototype.spinleft"
              }
            ],
            "spinr_trigger": [
              {
                "type": "then_play_and_hold",
                "animation": "animation.prototype.spinright"
              }
            ],
            "open_trigger": [
              {
                "type": "then_play_and_hold",
                "animation": "animation.prototype.open"
              }
            ],
            "close_trigger": [
              {
                "type": "then_play_and_hold",
                "animation": "animation.prototype.close"
              }
            ],
            "settings_trigger": [
              {
                "type": "then_play_and_hold",
                "animation": "animation.prototype.settings_open"
              }
            ],
            "settings_trigger_close": [
              {
                "type": "then_play_and_hold",
                "animation": "animation.prototype.settings_close"
              }
            ],
            "settings_trigger_right": [
              {
                "type": "then_play_and_hold",
                "animation": "animation.prototype.settings_spinright"
              }
            ],
            "code_right": [
              {
                "type": "then_play_and_hold",
                "animation": "animation.prototype.alt_spinright"
              }
            ],
            "code_left": [
              {
                "type": "then_play_and_hold",
                "animation": "animation.prototype.alt_spinleft"
              }
            ],
            "settings_trigger_left": [
              {
                "type": "then_play_and_hold",
                "animation": "animation.prototype.settings_spinleft"
              }
            ],
            "playlist_swap": [
              {
                "type": "then_play_and_hold",
                "animation": "animation.prototype.playlistchange"
              }
            ],
            "master_control": [
              {
                "type": "then_play_and_hold",
                "animation": "animation.prototype.unlock_master"
              }
            ]
          }
        }
      ],
      "texture": {
        "base": "alienevo:textures/models/prototype_omnitrix/prototype_glow_#WATCHSTATE.png",
        "transformers": [
          {
            "type": "palladium:color",
            "color": "##GLOW_1",
            "filter": "#b3ff40",
            "ignore_blank": true
          },
          {
            "type": "palladium:color",
            "color": "##GLOW_2",
            "filter": "#a7f72e",
            "ignore_blank": true
          },
          {
            "type": "palladium:color",
            "color": "##GLOW_3",
            "filter": "#8ed721",
            "ignore_blank": true
          }
        ],
        "variables": {
          "WATCHSTATE": {
            "type": "palladium:string_property",
            "property": "watch_state"
          },
          "GLOW_1": {
            "type": "palladium:string_property",
            "property": "prototype_glow_color_1"
          },
          "GLOW_2": {
            "type": "palladium:string_property",
            "property": "prototype_glow_color_2"
          },
          "GLOW_3": {
            "type": "palladium:string_property",
            "property": "prototype_glow_color_3"
          }
        }
      },
      "conditions": [
        {
          "type": "palladium:objective_score",
          "objective": "AlienEvo.10kPhase",
          "min_score": 1,
          "max_score": 1
        },
        {
          "type": "palladium:objective_score",
          "objective": "Furry_Form",
          "min_score": 1,
          "max_score": 1
        }
      ]
    },
    {
      "type": "geckolib:default",
      "model": "anur:geo/10k_omnitrix_phase2.geo.json",
      "animation_file": "alienevo:animations/omnitrix.animation.json",
      "animation_controller": [
        {
          "name": "spin",
          "transition_tick_time": 0,
          "triggers": {
            "scan_trigger": [
              {
                "type": "then_play_and_hold",
                "animation": "animation.prototype.scan"
              }
            ],
            "scan2_trigger": [
              {
                "type": "then_play_and_hold",
                "animation": "animation.prototype.scan2"
              }
            ],
            "spinl_trigger": [
              {
                "type": "then_play_and_hold",
                "animation": "animation.prototype.spinleft"
              }
            ],
            "spinr_trigger": [
              {
                "type": "then_play_and_hold",
                "animation": "animation.prototype.spinright"
              }
            ],
            "open_trigger": [
              {
                "type": "then_play_and_hold",
                "animation": "animation.prototype.open"
              }
            ],
            "close_trigger": [
              {
                "type": "then_play_and_hold",
                "animation": "animation.prototype.close"
              }
            ],
            "settings_trigger": [
              {
                "type": "then_play_and_hold",
                "animation": "animation.prototype.settings_open"
              }
            ],
            "settings_trigger_close": [
              {
                "type": "then_play_and_hold",
                "animation": "animation.prototype.settings_close"
              }
            ],
            "settings_trigger_right": [
              {
                "type": "then_play_and_hold",
                "animation": "animation.prototype.settings_spinright"
              }
            ],
            "code_right": [
              {
                "type": "then_play_and_hold",
                "animation": "animation.prototype.alt_spinright"
              }
            ],
            "code_left": [
              {
                "type": "then_play_and_hold",
                "animation": "animation.prototype.alt_spinleft"
              }
            ],
            "settings_trigger_left": [
              {
                "type": "then_play_and_hold",
                "animation": "animation.prototype.settings_spinleft"
              }
            ],
            "playlist_swap": [
              {
                "type": "then_play_and_hold",
                "animation": "animation.prototype.playlistchange"
              }
            ],
            "master_control": [
              {
                "type": "then_play_and_hold",
                "animation": "animation.prototype.unlock_master"
              }
            ]
          }
        }
      ],
      "texture": {
        "base": "alienevo:textures/models/prototype_omnitrix/prototype.png",
        "transformers": [
          {
            "type": "palladium:overlay",
            "overlay": "alienevo:textures/models/prototype_omnitrix/base_primary/base_primary_#A.png"
          },
          {
            "type": "palladium:overlay",
            "overlay": "alienevo:textures/models/prototype_omnitrix/base_secondary/base_secondary_#B.png"
          },
          {
            "type": "palladium:overlay",
            "overlay": "alienevo:textures/models/prototype_omnitrix/base_tertiary/base_tertiary_#C.png"
          },
          {
            "type": "palladium:overlay",
            "overlay": "alienevo:textures/models/prototype_omnitrix/buttons/buttons_#D.png"
          },
          {
            "type": "palladium:overlay",
            "overlay": "alienevo:textures/models/prototype_omnitrix/core_side/core_side_#E.png"
          },
          {
            "type": "palladium:overlay",
            "overlay": "alienevo:textures/models/prototype_omnitrix/core_top/core_top_#F.png"
          },
          {
            "type": "palladium:overlay",
            "overlay": "alienevo:textures/models/prototype_omnitrix/dial_inner/dial_inner_#G.png"
          },
          {
            "type": "palladium:overlay",
            "overlay": "alienevo:textures/models/prototype_omnitrix/dial_outer/dial_outer_#H.png"
          },
          {
            "type": "palladium:overlay",
            "overlay": "alienevo:textures/models/prototype_omnitrix/tubes/tubes_#I.png"
          }
        ],
        "variables": {
          "A": {
            "type": "palladium:objective_score",
            "objective": "AlienEvo.BasePrimary"
          },
          "B": {
            "type": "palladium:objective_score",
            "objective": "AlienEvo.BaseSecondary"
          },
          "C": {
            "type": "palladium:objective_score",
            "objective": "AlienEvo.BaseTertiary"
          },
          "D": {
            "type": "palladium:objective_score",
            "objective": "AlienEvo.Buttons"
          },
          "E": {
            "type": "palladium:objective_score",
            "objective": "AlienEvo.CoreSide"
          },
          "F": {
            "type": "palladium:objective_score",
            "objective": "AlienEvo.CoreTop"
          },
          "G": {
            "type": "palladium:objective_score",
            "objective": "AlienEvo.DialInner"
          },
          "H": {
            "type": "palladium:objective_score",
            "objective": "AlienEvo.DialOuter"
          },
          "I": {
            "type": "palladium:objective_score",
            "objective": "AlienEvo.Tubes"
          }
        },
        "output": "alienevo:textures/models/prototype_omnitrix/parts_#A_#B_#C_#D_#E_#F_#G_#H_#I.png"
      },
      "conditions": [
        {
          "type": "palladium:objective_score",
          "objective": "Furry_Form",
          "min_score": 2,
          "max_score": 2
        },
        {
          "type": "palladium:objective_score",
          "objective": "AlienEvo.10kPhase",
          "min_score": 1,
          "max_score": 1
        }
      ]
    },
    {
      "type": "geckolib:default",
      "model": "anur:geo/prototype_omnitrix_phase2.geo.json",
      "animation_file": "alienevo:animations/omnitrix.animation.json",
      "animation_controller": [
        {
          "name": "spin",
          "transition_tick_time": 0,
          "triggers": {
            "scan_trigger": [
              {
                "type": "then_play_and_hold",
                "animation": "animation.prototype.scan"
              }
            ],
            "scan2_trigger": [
              {
                "type": "then_play_and_hold",
                "animation": "animation.prototype.scan2"
              }
            ],
            "spinl_trigger": [
              {
                "type": "then_play_and_hold",
                "animation": "animation.prototype.spinleft"
              }
            ],
            "spinr_trigger": [
              {
                "type": "then_play_and_hold",
                "animation": "animation.prototype.spinright"
              }
            ],
            "open_trigger": [
              {
                "type": "then_play_and_hold",
                "animation": "animation.prototype.open"
              }
            ],
            "close_trigger": [
              {
                "type": "then_play_and_hold",
                "animation": "animation.prototype.close"
              }
            ],
            "settings_trigger": [
              {
                "type": "then_play_and_hold",
                "animation": "animation.prototype.settings_open"
              }
            ],
            "settings_trigger_close": [
              {
                "type": "then_play_and_hold",
                "animation": "animation.prototype.settings_close"
              }
            ],
            "settings_trigger_right": [
              {
                "type": "then_play_and_hold",
                "animation": "animation.prototype.settings_spinright"
              }
            ],
            "code_right": [
              {
                "type": "then_play_and_hold",
                "animation": "animation.prototype.alt_spinright"
              }
            ],
            "code_left": [
              {
                "type": "then_play_and_hold",
                "animation": "animation.prototype.alt_spinleft"
              }
            ],
            "settings_trigger_left": [
              {
                "type": "then_play_and_hold",
                "animation": "animation.prototype.settings_spinleft"
              }
            ],
            "playlist_swap": [
              {
                "type": "then_play_and_hold",
                "animation": "animation.prototype.playlistchange"
              }
            ],
            "master_control": [
              {
                "type": "then_play_and_hold",
                "animation": "animation.prototype.unlock_master"
              }
            ]
          }
        }
      ],
      "texture": {
        "base": "alienevo:textures/models/prototype_omnitrix/prototype.png",
        "transformers": [
          {
            "type": "palladium:overlay",
            "overlay": "alienevo:textures/models/prototype_omnitrix/base_primary/base_primary_#A.png"
          },
          {
            "type": "palladium:overlay",
            "overlay": "alienevo:textures/models/prototype_omnitrix/base_secondary/base_secondary_#B.png"
          },
          {
            "type": "palladium:overlay",
            "overlay": "alienevo:textures/models/prototype_omnitrix/base_tertiary/base_tertiary_#C.png"
          },
          {
            "type": "palladium:overlay",
            "overlay": "alienevo:textures/models/prototype_omnitrix/buttons/buttons_#D.png"
          },
          {
            "type": "palladium:overlay",
            "overlay": "alienevo:textures/models/prototype_omnitrix/core_side/core_side_#E.png"
          },
          {
            "type": "palladium:overlay",
            "overlay": "alienevo:textures/models/prototype_omnitrix/core_top/core_top_#F.png"
          },
          {
            "type": "palladium:overlay",
            "overlay": "alienevo:textures/models/prototype_omnitrix/dial_inner/dial_inner_#G.png"
          },
          {
            "type": "palladium:overlay",
            "overlay": "alienevo:textures/models/prototype_omnitrix/dial_outer/dial_outer_#H.png"
          },
          {
            "type": "palladium:overlay",
            "overlay": "alienevo:textures/models/prototype_omnitrix/tubes/tubes_#I.png"
          },
          {
            "type": "palladium:alpha_mask",
            "mask": "alienevo:textures/models/alpha_masks/prototype/prototype_core_#J.png"
          },
          {
            "type": "palladium:color",
            "color": "##GLOW_1",
            "filter": "#b3ff40",
            "ignore_blank": true
          },
          {
            "type": "palladium:color",
            "color": "##GLOW_2",
            "filter": "#a7f72e",
            "ignore_blank": true
          },
          {
            "type": "palladium:color",
            "color": "##GLOW_3",
            "filter": "#8ed721",
            "ignore_blank": true
          }
        ],
        "variables": {
          "GLOW_1": {
            "type": "palladium:string_property",
            "property": "prototype_glow_color_1"
          },
          "GLOW_2": {
            "type": "palladium:string_property",
            "property": "prototype_glow_color_2"
          },
          "GLOW_3": {
            "type": "palladium:string_property",
            "property": "prototype_glow_color_3"
          },
          "A": {
            "type": "palladium:objective_score",
            "objective": "AlienEvo.BasePrimary"
          },
          "B": {
            "type": "palladium:objective_score",
            "objective": "AlienEvo.BaseSecondary"
          },
          "C": {
            "type": "palladium:objective_score",
            "objective": "AlienEvo.BaseTertiary"
          },
          "D": {
            "type": "palladium:objective_score",
            "objective": "AlienEvo.Buttons"
          },
          "E": {
            "type": "palladium:objective_score",
            "objective": "AlienEvo.CoreSide"
          },
          "F": {
            "type": "palladium:objective_score",
            "objective": "AlienEvo.CoreTop"
          },
          "G": {
            "type": "palladium:objective_score",
            "objective": "AlienEvo.DialInner"
          },
          "H": {
            "type": "palladium:objective_score",
            "objective": "AlienEvo.DialOuter"
          },
          "I": {
            "type": "palladium:objective_score",
            "objective": "AlienEvo.Tubes"
          },
          "J": {
            "type": "palladium:objective_score",
            "objective": "AlienEvo.NoCore"
          }
        },
        "output": "alienevo:textures/models/prototype_omnitrix/parts_#A_#B_#C_#D_#E_#F_#G_#H_#I_#J.png"
      },
      "conditions": [
        {
          "type": "palladium:objective_score",
          "objective": "Furry_Form",
          "min_score": 2,
          "max_score": 2
        },
        {
          "type": "palladium:objective_score",
          "objective": "AlienEvo.10kPhase",
          "min_score": 0,
          "max_score": 0
        }
      ]
    },
    {
      "type": "geckolib:default",
      "model": "anur:geo/prototype_omnitrix_phase2.geo.json",
      "animation_file": "alienevo:animations/omnitrix.animation.json",
      "animation_controller": [
        {
          "name": "spin",
          "transition_tick_time": 0,
          "triggers": {
            "scan_trigger": [
              {
                "type": "then_play_and_hold",
                "animation": "animation.prototype.scan"
              }
            ],
            "scan2_trigger": [
              {
                "type": "then_play_and_hold",
                "animation": "animation.prototype.scan2"
              }
            ],
            "spinl_trigger": [
              {
                "type": "then_play_and_hold",
                "animation": "animation.prototype.spinleft"
              }
            ],
            "spinr_trigger": [
              {
                "type": "then_play_and_hold",
                "animation": "animation.prototype.spinright"
              }
            ],
            "open_trigger": [
              {
                "type": "then_play_and_hold",
                "animation": "animation.prototype.open"
              }
            ],
            "close_trigger": [
              {
                "type": "then_play_and_hold",
                "animation": "animation.prototype.close"
              }
            ],
            "settings_trigger": [
              {
                "type": "then_play_and_hold",
                "animation": "animation.prototype.settings_open"
              }
            ],
            "settings_trigger_close": [
              {
                "type": "then_play_and_hold",
                "animation": "animation.prototype.settings_close"
              }
            ],
            "settings_trigger_right": [
              {
                "type": "then_play_and_hold",
                "animation": "animation.prototype.settings_spinright"
              }
            ],
            "code_right": [
              {
                "type": "then_play_and_hold",
                "animation": "animation.prototype.alt_spinright"
              }
            ],
            "code_left": [
              {
                "type": "then_play_and_hold",
                "animation": "animation.prototype.alt_spinleft"
              }
            ],
            "settings_trigger_left": [
              {
                "type": "then_play_and_hold",
                "animation": "animation.prototype.settings_spinleft"
              }
            ],
            "playlist_swap": [
              {
                "type": "then_play_and_hold",
                "animation": "animation.prototype.playlistchange"
              }
            ],
            "master_control": [
              {
                "type": "then_play_and_hold",
                "animation": "animation.prototype.unlock_master"
              }
            ]
          }
        }
      ],
      "texture": {
        "base": "alienevo:textures/models/prototype_omnitrix/prototype_glow_#WATCHSTATE.png",
        "transformers": [
          {
            "type": "palladium:alpha_mask",
            "mask": "alienevo:textures/models/alpha_masks/prototype/prototype_core_#J.png"
          },
          {
            "type": "palladium:overlay",
            "overlay": "alienevo:textures/models/prototype_omnitrix/prototype_inverted_#H.png"
          },
          {
            "type": "palladium:color",
            "color": "##GLOW_1",
            "filter": "#b3ff40",
            "ignore_blank": true
          },
          {
            "type": "palladium:color",
            "color": "##GLOW_2",
            "filter": "#a7f72e",
            "ignore_blank": true
          },
          {
            "type": "palladium:color",
            "color": "##GLOW_3",
            "filter": "#8ed721",
            "ignore_blank": true
          }
        ],
        "variables": {
          "WATCHSTATE": {
            "type": "palladium:string_property",
            "property": "watch_state"
          },
          "J": {
            "type": "palladium:objective_score",
            "objective": "AlienEvo.NoCore"
          },
          "H": {
            "type": "palladium:objective_score",
            "objective": "AlienEvo.Invert"
          },
          "GLOW_1": {
            "type": "palladium:string_property",
            "property": "prototype_glow_color_1"
          },
          "GLOW_2": {
            "type": "palladium:string_property",
            "property": "prototype_glow_color_2"
          },
          "GLOW_3": {
            "type": "palladium:string_property",
            "property": "prototype_glow_color_3"
          }
        }
      },
      "conditions": [
        {
          "type": "palladium:objective_score",
          "objective": "Furry_Form",
          "min_score": 2,
          "max_score": 2
        },
        {
          "type": "palladium:objective_score",
          "objective": "AlienEvo.10kPhase",
          "min_score": 0,
          "max_score": 0
        }
      ]
    },
    {
      "type": "geckolib:default",
      "model": "anur:geo/10k_omnitrix_phase2.geo.json",
      "animation_file": "alienevo:animations/omnitrix.animation.json",
      "animation_controller": [
        {
          "name": "spin",
          "transition_tick_time": 0,
          "triggers": {
            "scan_trigger": [
              {
                "type": "then_play_and_hold",
                "animation": "animation.prototype.scan"
              }
            ],
            "scan2_trigger": [
              {
                "type": "then_play_and_hold",
                "animation": "animation.prototype.scan2"
              }
            ],
            "spinl_trigger": [
              {
                "type": "then_play_and_hold",
                "animation": "animation.prototype.spinleft"
              }
            ],
            "spinr_trigger": [
              {
                "type": "then_play_and_hold",
                "animation": "animation.prototype.spinright"
              }
            ],
            "open_trigger": [
              {
                "type": "then_play_and_hold",
                "animation": "animation.prototype.open"
              }
            ],
            "close_trigger": [
              {
                "type": "then_play_and_hold",
                "animation": "animation.prototype.close"
              }
            ],
            "settings_trigger": [
              {
                "type": "then_play_and_hold",
                "animation": "animation.prototype.settings_open"
              }
            ],
            "settings_trigger_close": [
              {
                "type": "then_play_and_hold",
                "animation": "animation.prototype.settings_close"
              }
            ],
            "settings_trigger_right": [
              {
                "type": "then_play_and_hold",
                "animation": "animation.prototype.settings_spinright"
              }
            ],
            "code_right": [
              {
                "type": "then_play_and_hold",
                "animation": "animation.prototype.alt_spinright"
              }
            ],
            "code_left": [
              {
                "type": "then_play_and_hold",
                "animation": "animation.prototype.alt_spinleft"
              }
            ],
            "settings_trigger_left": [
              {
                "type": "then_play_and_hold",
                "animation": "animation.prototype.settings_spinleft"
              }
            ],
            "playlist_swap": [
              {
                "type": "then_play_and_hold",
                "animation": "animation.prototype.playlistchange"
              }
            ],
            "master_control": [
              {
                "type": "then_play_and_hold",
                "animation": "animation.prototype.unlock_master"
              }
            ]
          }
        }
      ],
      "texture": {
        "base": "alienevo:textures/models/prototype_omnitrix/prototype_glow_#WATCHSTATE.png",
        "transformers": [
          {
            "type": "palladium:alpha_mask",
            "mask": "alienevo:textures/models/alpha_masks/prototype/prototype_core_#J.png"
          },
          {
            "type": "palladium:overlay",
            "overlay": "alienevo:textures/models/prototype_omnitrix/prototype_inverted_#H.png"
          },
          {
            "type": "palladium:color",
            "color": "##GLOW_1",
            "filter": "#b3ff40",
            "ignore_blank": true
          },
          {
            "type": "palladium:color",
            "color": "##GLOW_2",
            "filter": "#a7f72e",
            "ignore_blank": true
          },
          {
            "type": "palladium:color",
            "color": "##GLOW_3",
            "filter": "#8ed721",
            "ignore_blank": true
          }
        ],
        "variables": {
          "WATCHSTATE": {
            "type": "palladium:string_property",
            "property": "watch_state"
          },
          "J": {
            "type": "palladium:objective_score",
            "objective": "AlienEvo.NoCore"
          },
          "H": {
            "type": "palladium:objective_score",
            "objective": "AlienEvo.Invert"
          },
          "GLOW_1": {
            "type": "palladium:string_property",
            "property": "prototype_glow_color_1"
          },
          "GLOW_2": {
            "type": "palladium:string_property",
            "property": "prototype_glow_color_2"
          },
          "GLOW_3": {
            "type": "palladium:string_property",
            "property": "prototype_glow_color_3"
          }
        }
      },
      "conditions": [
        {
          "type": "palladium:objective_score",
          "objective": "Furry_Form",
          "min_score": 2,
          "max_score": 2
        },
        {
          "type": "palladium:objective_score",
          "objective": "AlienEvo.10kPhase",
          "min_score": 1,
          "max_score": 1
        }
      ]
    },
    {
      "type": "geckolib:default",
      "model": {
        "normal": "alienevo:geo/prototype_omnitrix.geo.json",
        "slim": "alienevo:geo/prototype_omnitrix_slim.geo.json"
      },
      "texture": "alienevo:textures/models/glow/prototype/glow_red.png",
      "render_type": "glow",
      "animation_file": "alienevo:animations/omnitrix.animation.json",
      "animation_controller": [
        {
          "name": "spin",
          "transition_tick_time": 0,
          "triggers": {
            "scan_trigger": [
              {
                "type": "then_play_and_hold",
                "animation": "animation.prototype.scan"
              }
            ],
            "scan2_trigger": [
              {
                "type": "then_play_and_hold",
                "animation": "animation.prototype.scan2"
              }
            ],
            "spinl_trigger": [
              {
                "type": "then_play_and_hold",
                "animation": "animation.prototype.spinleft"
              }
            ],
            "spinr_trigger": [
              {
                "type": "then_play_and_hold",
                "animation": "animation.prototype.spinright"
              }
            ],
            "open_trigger": [
              {
                "type": "then_play_and_hold",
                "animation": "animation.prototype.open"
              }
            ],
            "close_trigger": [
              {
                "type": "then_play_and_hold",
                "animation": "animation.prototype.close"
              }
            ],
            "settings_trigger": [
              {
                "type": "then_play_and_hold",
                "animation": "animation.prototype.settings_open"
              }
            ],
            "settings_trigger_close": [
              {
                "type": "then_play_and_hold",
                "animation": "animation.prototype.settings_close"
              }
            ],
            "settings_trigger_right": [
              {
                "type": "then_play_and_hold",
                "animation": "animation.prototype.settings_spinright"
              }
            ],
            "settings_trigger_left": [
              {
                "type": "then_play_and_hold",
                "animation": "animation.prototype.settings_spinleft"
              }
            ],
            "code_right": [
              {
                "type": "then_play_and_hold",
                "animation": "animation.prototype.alt_spinright"
              }
            ],
            "code_left": [
              {
                "type": "then_play_and_hold",
                "animation": "animation.prototype.alt_spinleft"
              }
            ],
            "playlist_swap": [
              {
                "type": "then_play_and_hold",
                "animation": "animation.prototype.playlistchange"
              }
            ],
            "master_control": [
              {
                "type": "then_play_and_hold",
                "animation": "animation.prototype.unlock_master"
              }
            ]
          }
        }
      ],
      "conditions": [
        {
          "type": "palladium:objective_score",
          "objective": "AlienEvo.Timer",
          "min_score": 1,
          "max_score": 3000
        },
        {
          "type": "palladium:objective_score",
          "objective": "Furry_Form",
          "min_score": 0,
          "max_score": 0
        },
        {
          "type": "palladium:not",
          "conditions": [
            {
              "type": "palladium:or",
              "conditions": [
                {
                  "type": "palladium:objective_score",
                  "objective": "AlienEvo.10kPhase",
                  "min_score": 1,
                  "max_score": 1
                }
              ]
            }
          ]
        }
      ]
    },
    {
      "type": "geckolib:default",
      "model": {
        "normal": "alienevo:geo/prototype_omnitrix.geo.json",
        "slim": "alienevo:geo/prototype_omnitrix_slim.geo.json"
      },
      "texture": "alienevo:textures/models/glow/prototype/glow_scan.png",
      "render_type": "glow",
      "animation_file": "alienevo:animations/omnitrix.animation.json",
      "animation_controller": [
        {
          "name": "spin",
          "transition_tick_time": 0,
          "triggers": {
            "scan_trigger": [
              {
                "type": "then_play_and_hold",
                "animation": "animation.prototype.scan"
              }
            ]
          }
        }
      ],
      "conditions": [
        {
          "type": "palladium:objective_score",
          "objective": "Furry",
          "min_score": 1,
          "max_score": 120
        },
        {
          "type": "palladium:objective_score",
          "objective": "AlienEvo.10kPhase",
          "min_score": 0,
          "max_score": 0
        }
      ]
    },
    {
      "type": "geckolib:default",
      "model": {
        "normal": "alienevo:geo/prototype_omnitrix.geo.json",
        "slim": "alienevo:geo/prototype_omnitrix_slim.geo.json"
      },
      "texture": "alienevo:textures/models/glow/prototype/glow_scan.png",
      "render_type": "glow",
      "animation_file": "alienevo:animations/omnitrix.animation.json",
      "animation_controller": [
        {
          "name": "spin",
          "transition_tick_time": 0,
          "triggers": {
            "scan2_trigger": [
              {
                "type": "then_play_and_hold",
                "animation": "animation.prototype.scan2"
              }
            ]
          }
        }
      ],
      "conditions": [
        {
          "type": "palladium:objective_score",
          "objective": "Not_Furry",
          "min_score": 1,
          "max_score": 120
        },
        {
          "type": "palladium:objective_score",
          "objective": "AlienEvo.10kPhase",
          "min_score": 0,
          "max_score": 0
        }
      ]
    },
    {
      "type": "geckolib:default",
      "model": {
        "normal": "alienevo:geo/prototype_omnitrix.geo.json",
        "slim": "alienevo:geo/prototype_omnitrix_slim.geo.json"
      },
      "texture": "alienevo:textures/models/prototype_omnitrix/tubes/tubes_scan.png",
      "render_type": "glow",
      "animation_file": "alienevo:animations/omnitrix.animation.json",
      "animation_controller": [
        {
          "name": "spin",
          "transition_tick_time": 0,
          "triggers": {
            "scan_trigger": [
              {
                "type": "then_play_and_hold",
                "animation": "animation.prototype.scan"
              }
            ],
            "scan2_trigger": [
              {
                "type": "then_play_and_hold",
                "animation": "animation.prototype.scan2"
              }
            ],
            "spinl_trigger": [
              {
                "type": "then_play_and_hold",
                "animation": "animation.prototype.spinleft"
              }
            ],
            "spinr_trigger": [
              {
                "type": "then_play_and_hold",
                "animation": "animation.prototype.spinright"
              }
            ],
            "open_trigger": [
              {
                "type": "then_play_and_hold",
                "animation": "animation.prototype.open"
              }
            ],
            "close_trigger": [
              {
                "type": "then_play_and_hold",
                "animation": "animation.prototype.close"
              }
            ],
            "settings_trigger": [
              {
                "type": "then_play_and_hold",
                "animation": "animation.prototype.settings_open"
              }
            ],
            "settings_trigger_close": [
              {
                "type": "then_play_and_hold",
                "animation": "animation.prototype.settings_close"
              }
            ],
            "settings_trigger_right": [
              {
                "type": "then_play_and_hold",
                "animation": "animation.prototype.settings_spinright"
              }
            ],
            "settings_trigger_left": [
              {
                "type": "then_play_and_hold",
                "animation": "animation.prototype.settings_spinleft"
              }
            ],
            "code_right": [
              {
                "type": "then_play_and_hold",
                "animation": "animation.prototype.alt_spinright"
              }
            ],
            "code_left": [
              {
                "type": "then_play_and_hold",
                "animation": "animation.prototype.alt_spinleft"
              }
            ],
            "playlist_swap": [
              {
                "type": "then_play_and_hold",
                "animation": "animation.prototype.playlistchange"
              }
            ],
            "master_control": [
              {
                "type": "then_play_and_hold",
                "animation": "animation.prototype.unlock_master"
              }
            ]
          }
        }
      ],
      "conditions": [
        {
          "type": "palladium:objective_score",
          "objective": "Furry",
          "min_score": 1,
          "max_score": 120
        },
        {
          "type": "palladium:objective_score",
          "objective": "AlienEvo.10kPhase",
          "min_score": 0,
          "max_score": 0
        }
      ]
    },
    {
      "type": "geckolib:default",
      "model": {
        "normal": "alienevo:geo/prototype_omnitrix.geo.json",
        "slim": "alienevo:geo/prototype_omnitrix_slim.geo.json"
      },
      "texture": "alienevo:textures/models/prototype_omnitrix/tubes/tubes_scan.png",
      "render_type": "glow",
      "animation_file": "alienevo:animations/omnitrix.animation.json",
      "animation_controller": [
        {
          "name": "spin",
          "transition_tick_time": 0,
          "triggers": {
            "scan2_trigger": [
              {
                "type": "then_play_and_hold",
                "animation": "animation.prototype.scan2"
              }
            ],
            "spinl_trigger": [
              {
                "type": "then_play_and_hold",
                "animation": "animation.prototype.spinleft"
              }
            ],
            "spinr_trigger": [
              {
                "type": "then_play_and_hold",
                "animation": "animation.prototype.spinright"
              }
            ],
            "open_trigger": [
              {
                "type": "then_play_and_hold",
                "animation": "animation.prototype.open"
              }
            ],
            "close_trigger": [
              {
                "type": "then_play_and_hold",
                "animation": "animation.prototype.close"
              }
            ],
            "settings_trigger": [
              {
                "type": "then_play_and_hold",
                "animation": "animation.prototype.settings_open"
              }
            ],
            "settings_trigger_close": [
              {
                "type": "then_play_and_hold",
                "animation": "animation.prototype.settings_close"
              }
            ],
            "settings_trigger_right": [
              {
                "type": "then_play_and_hold",
                "animation": "animation.prototype.settings_spinright"
              }
            ],
            "settings_trigger_left": [
              {
                "type": "then_play_and_hold",
                "animation": "animation.prototype.settings_spinleft"
              }
            ],
            "code_right": [
              {
                "type": "then_play_and_hold",
                "animation": "animation.prototype.alt_spinright"
              }
            ],
            "code_left": [
              {
                "type": "then_play_and_hold",
                "animation": "animation.prototype.alt_spinleft"
              }
            ],
            "playlist_swap": [
              {
                "type": "then_play_and_hold",
                "animation": "animation.prototype.playlistchange"
              }
            ],
            "master_control": [
              {
                "type": "then_play_and_hold",
                "animation": "animation.prototype.unlock_master"
              }
            ]
          }
        }
      ],
      "conditions": [
        {
          "type": "palladium:objective_score",
          "objective": "Not_Furry",
          "min_score": 1,
          "max_score": 120
        },
        {
          "type": "palladium:objective_score",
          "objective": "AlienEvo.10kPhase",
          "min_score": 0,
          "max_score": 0
        }
      ]
    },
    {
      "type": "geckolib:default",
      "model": {
        "normal": "alienevo:geo/prototype_omnitrix_module_alt.geo.json",
        "slim": "alienevo:geo/prototype_omnitrix_slim_module_alt.geo.json"
      },
      "render_type": "glow",
      "animation_file": "alienevo:animations/omnitrix.animation.json",
      "texture": {
        "base": "alienevo:textures/item/color_module.png",
        "transformers": [],
        "variables": {
          "X": {
            "type": "palladium:string_property",
            "property": "AlienEvo.Color"
          }
        },
        "output": "alienevo:textures/models/prototype/glow/module.png"
      },
      "conditions": [
        {
          "type": "palladium:ability_integer_property",
          "power": "alienevo:prototype_omnitrix",
          "ability": "settings_menu_icons",
          "property": "value",
          "min": 1,
          "max": 10
        },
        {
          "type": "palladium:objective_score",
          "objective": "AlienEvo.SlotS",
          "min_score": 0,
          "max_score": 0
        },
        {
          "type": "palladium:not",
          "conditions": [
            {
              "type": "palladium:or",
              "conditions": [
                {
                  "type": "palladium:objective_score",
                  "objective": "AlienEvo.10kPhase",
                  "min_score": 1,
                  "max_score": 1
                },
                {
                  "type": "palladium:ability_unlocked",
                  "power": "alienevo:prototype_omnitrix",
                  "ability": "removed_core"
                }
              ]
            }
          ]
        }
      ]
    },
    {
      "type": "geckolib:default",
      "model": {
        "normal": "alienevo:geo/prototype_omnitrix_module_alt.geo.json",
        "slim": "alienevo:geo/prototype_omnitrix_slim_module_alt.geo.json"
      },
      "render_type": "glow",
      "animation_file": "alienevo:animations/omnitrix.animation.json",
      "texture": {
        "base": "alienevo:textures/item/color_module.png",
        "transformers": [],
        "variables": {
          "X": {
            "type": "palladium:string_property",
            "property": "AlienEvo.PrimaryColor"
          }
        },
        "output": "alienevo:textures/models/prototype/glow/mmodule.png"
      },
      "conditions": [
        {
          "type": "palladium:ability_integer_property",
          "power": "alienevo:prototype_omnitrix",
          "ability": "settings_menu_icons",
          "property": "value",
          "min": 1,
          "max": 10
        },
        {
          "type": "palladium:objective_score",
          "objective": "AlienEvo.SlotS",
          "min_score": 1,
          "max_score": 1
        },
        {
          "type": "palladium:not",
          "conditions": [
            {
              "type": "palladium:or",
              "conditions": [
                {
                  "type": "palladium:objective_score",
                  "objective": "AlienEvo.10kPhase",
                  "min_score": 1,
                  "max_score": 1
                },
                {
                  "type": "palladium:ability_unlocked",
                  "power": "alienevo:prototype_omnitrix",
                  "ability": "removed_core"
                }
              ]
            }
          ]
        }
      ]
    },
    {
      "type": "geckolib:default",
      "model": {
        "normal": "alienevo:geo/prototype_omnitrix_module_alt.geo.json",
        "slim": "alienevo:geo/prototype_omnitrix_slim_module_alt.geo.json"
      },
      "render_type": "glow",
      "animation_file": "alienevo:animations/omnitrix.animation.json",
      "texture": {
        "base": "alienevo:textures/item/color_module.png",
        "transformers": [],
        "variables": {
          "X": {
            "type": "palladium:string_property",
            "property": "AlienEvo.SecondaryColor"
          }
        },
        "output": "alienevo:textures/models/prototype/glow/smodule.png"
      },
      "conditions": [
        {
          "type": "palladium:ability_integer_property",
          "power": "alienevo:prototype_omnitrix",
          "ability": "settings_menu_icons",
          "property": "value",
          "min": 1,
          "max": 10
        },
        {
          "type": "palladium:objective_score",
          "objective": "AlienEvo.SlotS",
          "min_score": 2,
          "max_score": 2
        },
        {
          "type": "palladium:not",
          "conditions": [
            {
              "type": "palladium:or",
              "conditions": [
                {
                  "type": "palladium:objective_score",
                  "objective": "AlienEvo.10kPhase",
                  "min_score": 1,
                  "max_score": 1
                },
                {
                  "type": "palladium:ability_unlocked",
                  "power": "alienevo:prototype_omnitrix",
                  "ability": "removed_core"
                }
              ]
            }
          ]
        }
      ]
    },
    {
      "type": "geckolib:default",
      "model": {
        "normal": "alienevo:geo/prototype_omnitrix_sil.geo.json",
        "slim": "alienevo:geo/prototype_omnitrix_slim_sil.geo.json"
      },
      "animation_file": "alienevo:animations/omnitrix.animation.json",
      "animation_controller": [
        {
          "name": "spin",
          "transition_tick_time": 0,
          "triggers": {
            "scan_trigger": [
              {
                "type": "then_play_and_hold",
                "animation": "animation.prototype.scan"
              }
            ],
            "scan2_trigger": [
              {
                "type": "then_play_and_hold",
                "animation": "animation.prototype.scan2"
              }
            ],
            "open_trigger": [
              {
                "type": "then_play_and_hold",
                "animation": "animation.prototype.open"
              }
            ],
            "close_trigger": [
              {
                "type": "then_play_and_hold",
                "animation": "animation.prototype.close"
              }
            ],
            "master_control": [
              {
                "type": "then_play_and_hold",
                "animation": "animation.prototype.unlock_master"
              }
            ]
          }
        }
      ],
      "texture": {
        "base": "alienevo:textures/models/sil/alien_#X.png",
        "transformers": [
          {
            "type": "palladium:color",
            "color": "##COLOR",
            "ignore_blank": true
          }
        ],
        "variables": {
          "X": {
            "type": "palladium:integer_property",
            "property": "omnitrix_cycle"
          },
          "COLOR": {
            "type": "palladium:string_property",
            "property": "sil_color"
          }
        }
      },
      "conditions": [
        {
          "type": "palladium:objective_score",
          "objective": "AlienEvo.10kPhase",
          "min_score": 0,
          "max_score": 0
        },
        {
          "type": "palladium:not",
          "conditions": [
            {
              "type": "palladium:or",
              "conditions": [
                {
                  "type": "palladium:objective_score",
                  "objective": "Furry_Form",
                  "min_score": 2,
                  "max_score": 4
                },
                {
                  "type": "palladium:ability_unlocked",
                  "power": "alienevo:prototype_omnitrix",
                  "ability": "removed_core"
                }
              ]
            }
          ]
        }
      ]
    },
    {
      "type": "geckolib:default",
      "model": {
        "normal": "alienevo:geo/10k/10k_omnitrix_sil.geo.json",
        "slim": "alienevo:geo/10k/10k_omnitrix_slim_sil.geo.json"
      },
      "animation_file": "alienevo:animations/omnitrix.animation.json",
      "animation_controller": [
        {
          "name": "spin",
          "transition_tick_time": 0,
          "triggers": {
            "scan_trigger": [
              {
                "type": "then_play_and_hold",
                "animation": "animation.prototype.scan"
              }
            ],
            "scan2_trigger": [
              {
                "type": "then_play_and_hold",
                "animation": "animation.prototype.scan2"
              }
            ],
            "open_trigger": [
              {
                "type": "then_play_and_hold",
                "animation": "animation.prototype.open"
              }
            ],
            "close_trigger": [
              {
                "type": "then_play_and_hold",
                "animation": "animation.prototype.close"
              }
            ],
            "master_control": [
              {
                "type": "then_play_and_hold",
                "animation": "animation.prototype.unlock_master"
              }
            ]
          }
        }
      ],
      "texture": {
        "base": "alienevo:textures/models/sil/alien_#X.png",
        "transformers": [
          {
            "type": "palladium:color",
            "color": "##COLOR",
            "ignore_blank": true
          }
        ],
        "variables": {
          "X": {
            "type": "palladium:integer_property",
            "property": "omnitrix_cycle"
          },
          "COLOR": {
            "type": "palladium:string_property",
            "property": "sil_color"
          }
        }
      },
      "conditions": [
        {
          "type": "palladium:objective_score",
          "objective": "AlienEvo.10kPhase",
          "min_score": 1,
          "max_score": 1
        },
        {
          "type": "palladium:not",
          "conditions": [
            {
              "type": "palladium:or",
              "conditions": [
                {
                  "type": "palladium:objective_score",
                  "objective": "Furry_Form",
                  "min_score": 2,
                  "max_score": 4
                },
                {
                  "type": "palladium:ability_unlocked",
                  "power": "alienevo:prototype_omnitrix",
                  "ability": "removed_core"
                }
              ]
            }
          ]
        }
      ]
    },
    {
      "type": "geckolib:default",
      "model": {
        "normal": "alienevo:geo/10k/10k_omnitrix.geo.json",
        "slim": "alienevo:geo/10k/10k_omnitrix_slim.geo.json"
      },
      "texture": "alienevo:textures/models/glow/prototype/glow_scan.png",
      "render_type": "glow",
      "animation_file": "alienevo:animations/omnitrix.animation.json",
      "animation_controller": [
        {
          "name": "spin",
          "transition_tick_time": 0,
          "triggers": {
            "scan_trigger": [
              {
                "type": "then_play_and_hold",
                "animation": "animation.prototype.scan"
              }
            ],
            "scan2_trigger": [
              {
                "type": "then_play_and_hold",
                "animation": "animation.prototype.scan2"
              }
            ],
            "spinl_trigger": [
              {
                "type": "then_play_and_hold",
                "animation": "animation.prototype.spinleft"
              }
            ],
            "spinr_trigger": [
              {
                "type": "then_play_and_hold",
                "animation": "animation.prototype.spinright"
              }
            ],
            "open_trigger": [
              {
                "type": "then_play_and_hold",
                "animation": "animation.prototype.open"
              }
            ],
            "close_trigger": [
              {
                "type": "then_play_and_hold",
                "animation": "animation.prototype.close"
              }
            ],
            "settings_trigger": [
              {
                "type": "then_play_and_hold",
                "animation": "animation.prototype.settings_open"
              }
            ],
            "settings_trigger_close": [
              {
                "type": "then_play_and_hold",
                "animation": "animation.prototype.settings_close"
              }
            ],
            "settings_trigger_right": [
              {
                "type": "then_play_and_hold",
                "animation": "animation.prototype.settings_spinright"
              }
            ],
            "settings_trigger_left": [
              {
                "type": "then_play_and_hold",
                "animation": "animation.prototype.settings_spinleft"
              }
            ],
            "code_right": [
              {
                "type": "then_play_and_hold",
                "animation": "animation.prototype.alt_spinright"
              }
            ],
            "code_left": [
              {
                "type": "then_play_and_hold",
                "animation": "animation.prototype.alt_spinleft"
              }
            ],
            "playlist_swap": [
              {
                "type": "then_play_and_hold",
                "animation": "animation.prototype.playlistchange"
              }
            ],
            "master_control": [
              {
                "type": "then_play_and_hold",
                "animation": "animation.prototype.unlock_master"
              }
            ]
          }
        }
      ],
      "conditions": [
        {
          "type": "palladium:objective_score",
          "objective": "Furry",
          "min_score": 1,
          "max_score": 120
        },
        {
          "type": "palladium:objective_score",
          "objective": "AlienEvo.10kPhase",
          "min_score": 1,
          "max_score": 1
        }
      ]
    },
    {
      "type": "geckolib:default",
      "model": {
        "normal": "alienevo:geo/10k/10k_omnitrix.geo.json",
        "slim": "alienevo:geo/10k/10k_omnitrix_slim.geo.json"
      },
      "texture": "alienevo:textures/models/glow/prototype/glow_scan.png",
      "render_type": "glow",
      "animation_file": "alienevo:animations/omnitrix.animation.json",
      "animation_controller": [
        {
          "name": "spin",
          "transition_tick_time": 0,
          "triggers": {
            "scan2_trigger": [
              {
                "type": "then_play_and_hold",
                "animation": "animation.prototype.scan2"
              }
            ],
            "spinl_trigger": [
              {
                "type": "then_play_and_hold",
                "animation": "animation.prototype.spinleft"
              }
            ],
            "spinr_trigger": [
              {
                "type": "then_play_and_hold",
                "animation": "animation.prototype.spinright"
              }
            ],
            "open_trigger": [
              {
                "type": "then_play_and_hold",
                "animation": "animation.prototype.open"
              }
            ],
            "close_trigger": [
              {
                "type": "then_play_and_hold",
                "animation": "animation.prototype.close"
              }
            ],
            "settings_trigger": [
              {
                "type": "then_play_and_hold",
                "animation": "animation.prototype.settings_open"
              }
            ],
            "settings_trigger_close": [
              {
                "type": "then_play_and_hold",
                "animation": "animation.prototype.settings_close"
              }
            ],
            "settings_trigger_right": [
              {
                "type": "then_play_and_hold",
                "animation": "animation.prototype.settings_spinright"
              }
            ],
            "settings_trigger_left": [
              {
                "type": "then_play_and_hold",
                "animation": "animation.prototype.settings_spinleft"
              }
            ],
            "code_right": [
              {
                "type": "then_play_and_hold",
                "animation": "animation.prototype.alt_spinright"
              }
            ],
            "code_left": [
              {
                "type": "then_play_and_hold",
                "animation": "animation.prototype.alt_spinleft"
              }
            ],
            "playlist_swap": [
              {
                "type": "then_play_and_hold",
                "animation": "animation.prototype.playlistchange"
              }
            ],
            "master_control": [
              {
                "type": "then_play_and_hold",
                "animation": "animation.prototype.unlock_master"
              }
            ]
          }
        }
      ],
      "conditions": [
        {
          "type": "palladium:objective_score",
          "objective": "Not_Furry",
          "min_score": 1,
          "max_score": 120
        },
        {
          "type": "palladium:objective_score",
          "objective": "AlienEvo.10kPhase",
          "min_score": 1,
          "max_score": 1
        }
      ]
    },
    {
      "type": "geckolib:default",
      "model": {
        "normal": "alienevo:geo/10k/10k_omnitrix.geo.json",
        "slim": "alienevo:geo/10k/10k_omnitrix_slim.geo.json"
      },
      "texture": "alienevo:textures/models/prototype_omnitrix/tubes/tubes_scan.png",
      "render_type": "glow",
      "animation_file": "alienevo:animations/omnitrix.animation.json",
      "animation_controller": [
        {
          "name": "spin",
          "transition_tick_time": 0,
          "triggers": {
            "scan_trigger": [
              {
                "type": "then_play_and_hold",
                "animation": "animation.prototype.scan"
              }
            ],
            "scan2_trigger": [
              {
                "type": "then_play_and_hold",
                "animation": "animation.prototype.scan2"
              }
            ],
            "spinl_trigger": [
              {
                "type": "then_play_and_hold",
                "animation": "animation.prototype.spinleft"
              }
            ],
            "spinr_trigger": [
              {
                "type": "then_play_and_hold",
                "animation": "animation.prototype.spinright"
              }
            ],
            "open_trigger": [
              {
                "type": "then_play_and_hold",
                "animation": "animation.prototype.open"
              }
            ],
            "close_trigger": [
              {
                "type": "then_play_and_hold",
                "animation": "animation.prototype.close"
              }
            ],
            "settings_trigger": [
              {
                "type": "then_play_and_hold",
                "animation": "animation.prototype.settings_open"
              }
            ],
            "settings_trigger_close": [
              {
                "type": "then_play_and_hold",
                "animation": "animation.prototype.settings_close"
              }
            ],
            "settings_trigger_right": [
              {
                "type": "then_play_and_hold",
                "animation": "animation.prototype.settings_spinright"
              }
            ],
            "settings_trigger_left": [
              {
                "type": "then_play_and_hold",
                "animation": "animation.prototype.settings_spinleft"
              }
            ],
            "code_right": [
              {
                "type": "then_play_and_hold",
                "animation": "animation.prototype.alt_spinright"
              }
            ],
            "code_left": [
              {
                "type": "then_play_and_hold",
                "animation": "animation.prototype.alt_spinleft"
              }
            ],
            "playlist_swap": [
              {
                "type": "then_play_and_hold",
                "animation": "animation.prototype.playlistchange"
              }
            ],
            "master_control": [
              {
                "type": "then_play_and_hold",
                "animation": "animation.prototype.unlock_master"
              }
            ]
          }
        }
      ],
      "conditions": [
        {
          "type": "palladium:objective_score",
          "objective": "Furry",
          "min_score": 1,
          "max_score": 120
        },
        {
          "type": "palladium:objective_score",
          "objective": "AlienEvo.10kPhase",
          "min_score": 1,
          "max_score": 1
        }
      ]
    },
    {
      "type": "geckolib:default",
      "model": {
        "normal": "alienevo:geo/10k/10k_omnitrix.geo.json",
        "slim": "alienevo:geo/10k/10k_omnitrix_slim.geo.json"
      },
      "texture": "alienevo:textures/models/prototype_omnitrix/tubes/tubes_scan.png",
      "render_type": "glow",
      "animation_file": "alienevo:animations/omnitrix.animation.json",
      "animation_controller": [
        {
          "name": "spin",
          "transition_tick_time": 0,
          "triggers": {
            "scan2_trigger": [
              {
                "type": "then_play_and_hold",
                "animation": "animation.prototype.scan2"
              }
            ],
            "spinl_trigger": [
              {
                "type": "then_play_and_hold",
                "animation": "animation.prototype.spinleft"
              }
            ],
            "spinr_trigger": [
              {
                "type": "then_play_and_hold",
                "animation": "animation.prototype.spinright"
              }
            ],
            "open_trigger": [
              {
                "type": "then_play_and_hold",
                "animation": "animation.prototype.open"
              }
            ],
            "close_trigger": [
              {
                "type": "then_play_and_hold",
                "animation": "animation.prototype.close"
              }
            ],
            "settings_trigger": [
              {
                "type": "then_play_and_hold",
                "animation": "animation.prototype.settings_open"
              }
            ],
            "settings_trigger_close": [
              {
                "type": "then_play_and_hold",
                "animation": "animation.prototype.settings_close"
              }
            ],
            "settings_trigger_right": [
              {
                "type": "then_play_and_hold",
                "animation": "animation.prototype.settings_spinright"
              }
            ],
            "settings_trigger_left": [
              {
                "type": "then_play_and_hold",
                "animation": "animation.prototype.settings_spinleft"
              }
            ],
            "code_right": [
              {
                "type": "then_play_and_hold",
                "animation": "animation.prototype.alt_spinright"
              }
            ],
            "code_left": [
              {
                "type": "then_play_and_hold",
                "animation": "animation.prototype.alt_spinleft"
              }
            ],
            "playlist_swap": [
              {
                "type": "then_play_and_hold",
                "animation": "animation.prototype.playlistchange"
              }
            ],
            "master_control": [
              {
                "type": "then_play_and_hold",
                "animation": "animation.prototype.unlock_master"
              }
            ]
          }
        }
      ],
      "conditions": [
        {
          "type": "palladium:objective_score",
          "objective": "Not_Furry",
          "min_score": 1,
          "max_score": 120
        },
        {
          "type": "palladium:objective_score",
          "objective": "AlienEvo.10kPhase",
          "min_score": 1,
          "max_score": 1
        }
      ]
    },
    {
      "type": "geckolib:default",
      "model": {
        "normal": "alienevo:geo/10k/10k_omnitrix_module_alt.geo.json",
        "slim": "alienevo:geo/10k/10k_omnitrix_slim_module_alt.geo.json"
      },
      "render_type": "glow",
      "animation_file": "alienevo:animations/omnitrix.animation.json",
      "texture": {
        "base": "alienevo:textures/item/color_module.png",
        "transformers": [],
        "variables": {
          "X": {
            "type": "palladium:string_property",
            "property": "AlienEvo.Color"
          }
        },
        "output": "alienevo:textures/models/prototype/glow/module.png"
      },
      "conditions": [
        {
          "type": "palladium:ability_integer_property",
          "power": "alienevo:prototype_omnitrix",
          "ability": "settings_menu_icons",
          "property": "value",
          "min": 1,
          "max": 10
        },
        {
          "type": "palladium:objective_score",
          "objective": "AlienEvo.SlotS",
          "min_score": 0,
          "max_score": 0
        },
        {
          "type": "palladium:objective_score",
          "objective": "AlienEvo.10kPhase",
          "min_score": 1,
          "max_score": 1
        },
        {
          "type": "palladium:not",
          "conditions": [
            {
              "type": "palladium:or",
              "conditions": [
                {
                  "type": "palladium:ability_unlocked",
                  "power": "alienevo:prototype_omnitrix",
                  "ability": "removed_core"
                }
              ]
            }
          ]
        }
      ]
    },
    {
      "type": "geckolib:default",
      "model": {
        "normal": "alienevo:geo/10k/10k_omnitrix_module_alt.geo.json",
        "slim": "alienevo:geo/10k/10k_omnitrix_slim_module_alt.geo.json"
      },
      "render_type": "glow",
      "animation_file": "alienevo:animations/omnitrix.animation.json",
      "texture": {
        "base": "alienevo:textures/item/color_module.png",
        "transformers": [],
        "variables": {
          "X": {
            "type": "palladium:string_property",
            "property": "AlienEvo.PrimaryColor"
          }
        },
        "output": "alienevo:textures/models/prototype/glow/mmodule.png"
      },
      "conditions": [
        {
          "type": "palladium:ability_integer_property",
          "power": "alienevo:prototype_omnitrix",
          "ability": "settings_menu_icons",
          "property": "value",
          "min": 1,
          "max": 10
        },
        {
          "type": "palladium:objective_score",
          "objective": "AlienEvo.SlotS",
          "min_score": 1,
          "max_score": 1
        },
        {
          "type": "palladium:objective_score",
          "objective": "AlienEvo.10kPhase",
          "min_score": 1,
          "max_score": 1
        },
        {
          "type": "palladium:not",
          "conditions": [
            {
              "type": "palladium:or",
              "conditions": [
                {
                  "type": "palladium:ability_unlocked",
                  "power": "alienevo:prototype_omnitrix",
                  "ability": "removed_core"
                }
              ]
            }
          ]
        }
      ]
    },
    {
      "type": "geckolib:default",
      "model": {
        "normal": "alienevo:geo/10k/10k_omnitrix_module_alt.geo.json",
        "slim": "alienevo:geo/10k/10k_omnitrix_slim_module_alt.geo.json"
      },
      "render_type": "glow",
      "animation_file": "alienevo:animations/omnitrix.animation.json",
      "texture": {
        "base": "alienevo:textures/item/color_module.png",
        "transformers": [],
        "variables": {
          "X": {
            "type": "palladium:string_property",
            "property": "AlienEvo.SecondaryColor"
          }
        },
        "output": "alienevo:textures/models/prototype/glow/smodule.png"
      },
      "conditions": [
        {
          "type": "palladium:ability_integer_property",
          "power": "alienevo:prototype_omnitrix",
          "ability": "settings_menu_icons",
          "property": "value",
          "min": 1,
          "max": 10
        },
        {
          "type": "palladium:objective_score",
          "objective": "AlienEvo.SlotS",
          "min_score": 2,
          "max_score": 2
        },
        {
          "type": "palladium:objective_score",
          "objective": "AlienEvo.10kPhase",
          "min_score": 1,
          "max_score": 1
        },
        {
          "type": "palladium:not",
          "conditions": [
            {
              "type": "palladium:or",
              "conditions": [
                {
                  "type": "palladium:ability_unlocked",
                  "power": "alienevo:prototype_omnitrix",
                  "ability": "removed_core"
                }
              ]
            }
          ]
        }
      ]
    }
  ]
}