{
	"format_version": "1.12.0",
	"minecraft:geometry": [
		{
			"description": {
				"identifier": "geometry.unknown",
				"texture_width": 32,
				"texture_height": 32,
				"visible_bounds_width": 3,
				"visible_bounds_height": 3.5,
				"visible_bounds_offset": [0, 1.25, 0]
			},
			"bones": [
				{
					"name": "head",
					"pivot": [0, 24, 0]
				},
				{
					"name": "body",
					"pivot": [0, 24, 0]
				},
				{
					"name": "right_arm",
					"pivot": [-5, 22, 0],
					"cubes": [
						{
							"origin": [-9, 15.75, -3],
							"size": [6, 5, 6],
							"uv": {
								"north": {"uv": [6, 0], "uv_size": [6, 5]},
								"east": {"uv": [6, 5], "uv_size": [6, 5]},
								"south": {"uv": [6, 10], "uv_size": [6, 5]},
								"west": {"uv": [0, 12], "uv_size": [6, 5]},
								"up": {"uv": [0, 0], "uv_size": [6, 6]},
								"down": {"uv": [0, 12], "uv_size": [6, -6]}
							}
						},
						{
							"origin": [-8.5, 11.75, -2.5],
							"size": [5, 4, 5],
							"uv": {
								"north": {"uv": [12, 10], "uv_size": [5, 4]},
								"east": {"uv": [12, 14], "uv_size": [5, 4]},
								"south": {"uv": [6, 15], "uv_size": [5, 4]},
								"west": {"uv": [0, 17], "uv_size": [5, 4]},
								"up": {"uv": [12, 0], "uv_size": [5, 5]},
								"down": {"uv": [12, 10], "uv_size": [5, -5]}
							}
						},
						{
							"origin": [-8.75, 13.25, -1],
							"size": [1, 2, 2],
							"uv": {
								"north": {"uv": [11, 15], "uv_size": [1, 2]},
								"east": {"uv": [17, 0], "uv_size": [2, 2]},
								"south": {"uv": [17, 4], "uv_size": [1, 2]},
								"west": {"uv": [17, 2], "uv_size": [2, 2]},
								"up": {"uv": [5, 17], "uv_size": [1, 2]},
								"down": {"uv": [17, 8], "uv_size": [1, -2]}
							}
						},
						{
							"origin": [-9.25, 19.5, -3.25],
							"size": [1, 1, 1],
							"uv": {
								"north": {"uv": [5, 20], "uv_size": [1, 1]},
								"east": {"uv": [20, 5], "uv_size": [1, 1]},
								"south": {"uv": [6, 20], "uv_size": [1, 1]},
								"west": {"uv": [20, 6], "uv_size": [1, 1]},
								"up": {"uv": [7, 20], "uv_size": [1, 1]},
								"down": {"uv": [20, 8], "uv_size": [1, -1]}
							}
						},
						{
							"origin": [-9.25, 17.75, -3.25],
							"size": [1, 1, 1],
							"uv": {
								"north": {"uv": [8, 20], "uv_size": [1, 1]},
								"east": {"uv": [20, 8], "uv_size": [1, 1]},
								"south": {"uv": [9, 20], "uv_size": [1, 1]},
								"west": {"uv": [20, 9], "uv_size": [1, 1]},
								"up": {"uv": [10, 20], "uv_size": [1, 1]},
								"down": {"uv": [20, 11], "uv_size": [1, -1]}
							}
						},
						{
							"origin": [-9.25, 16, -3.25],
							"size": [1, 1, 1],
							"uv": {
								"north": {"uv": [11, 20], "uv_size": [1, 1]},
								"east": {"uv": [20, 11], "uv_size": [1, 1]},
								"south": {"uv": [12, 20], "uv_size": [1, 1]},
								"west": {"uv": [20, 12], "uv_size": [1, 1]},
								"up": {"uv": [13, 20], "uv_size": [1, 1]},
								"down": {"uv": [20, 14], "uv_size": [1, -1]}
							}
						},
						{
							"origin": [-9.25, 18.25, -0.5],
							"size": [1, 1.75, 1],
							"uv": {
								"north": {"uv": [18, 15], "uv_size": [1, 2]},
								"east": {"uv": [16, 18], "uv_size": [1, 2]},
								"south": {"uv": [17, 18], "uv_size": [1, 2]},
								"west": {"uv": [18, 17], "uv_size": [1, 2]},
								"up": {"uv": [21, 20], "uv_size": [1, 1]},
								"down": {"uv": [21, 22], "uv_size": [1, -1]}
							}
						},
						{
							"origin": [-3.75, 19.5, -3.25],
							"size": [1, 1, 1],
							"uv": {
								"north": {"uv": [20, 20], "uv_size": [1, 1]},
								"east": {"uv": [0, 21], "uv_size": [1, 1]},
								"south": {"uv": [21, 0], "uv_size": [1, 1]},
								"west": {"uv": [1, 21], "uv_size": [1, 1]},
								"up": {"uv": [21, 1], "uv_size": [1, 1]},
								"down": {"uv": [2, 22], "uv_size": [1, -1]}
							}
						},
						{
							"origin": [-3.75, 17.75, -3.25],
							"size": [1, 1, 1],
							"uv": {
								"north": {"uv": [17, 20], "uv_size": [1, 1]},
								"east": {"uv": [20, 17], "uv_size": [1, 1]},
								"south": {"uv": [18, 20], "uv_size": [1, 1]},
								"west": {"uv": [20, 18], "uv_size": [1, 1]},
								"up": {"uv": [19, 20], "uv_size": [1, 1]},
								"down": {"uv": [20, 20], "uv_size": [1, -1]}
							}
						},
						{
							"origin": [-3.75, 16, -3.25],
							"size": [1, 1, 1],
							"uv": {
								"north": {"uv": [14, 20], "uv_size": [1, 1]},
								"east": {"uv": [20, 14], "uv_size": [1, 1]},
								"south": {"uv": [15, 20], "uv_size": [1, 1]},
								"west": {"uv": [20, 15], "uv_size": [1, 1]},
								"up": {"uv": [16, 20], "uv_size": [1, 1]},
								"down": {"uv": [20, 17], "uv_size": [1, -1]}
							}
						},
						{
							"origin": [-9.25, 19.5, 2.25],
							"size": [1, 1, 1],
							"uv": {
								"north": {"uv": [21, 17], "uv_size": [1, 1]},
								"east": {"uv": [18, 21], "uv_size": [1, 1]},
								"south": {"uv": [21, 18], "uv_size": [1, 1]},
								"west": {"uv": [19, 21], "uv_size": [1, 1]},
								"up": {"uv": [21, 19], "uv_size": [1, 1]},
								"down": {"uv": [20, 22], "uv_size": [1, -1]}
							}
						},
						{
							"origin": [-9.25, 17.75, 2.25],
							"size": [1, 1, 1],
							"uv": {
								"north": {"uv": [21, 14], "uv_size": [1, 1]},
								"east": {"uv": [15, 21], "uv_size": [1, 1]},
								"south": {"uv": [21, 15], "uv_size": [1, 1]},
								"west": {"uv": [16, 21], "uv_size": [1, 1]},
								"up": {"uv": [21, 16], "uv_size": [1, 1]},
								"down": {"uv": [17, 22], "uv_size": [1, -1]}
							}
						},
						{
							"origin": [-9.25, 16, 2.25],
							"size": [1, 1, 1],
							"uv": {
								"north": {"uv": [21, 11], "uv_size": [1, 1]},
								"east": {"uv": [12, 21], "uv_size": [1, 1]},
								"south": {"uv": [21, 12], "uv_size": [1, 1]},
								"west": {"uv": [13, 21], "uv_size": [1, 1]},
								"up": {"uv": [21, 13], "uv_size": [1, 1]},
								"down": {"uv": [14, 22], "uv_size": [1, -1]}
							}
						},
						{
							"origin": [-3.75, 19.5, 2.25],
							"size": [1, 1, 1],
							"uv": {
								"north": {"uv": [21, 8], "uv_size": [1, 1]},
								"east": {"uv": [9, 21], "uv_size": [1, 1]},
								"south": {"uv": [21, 9], "uv_size": [1, 1]},
								"west": {"uv": [10, 21], "uv_size": [1, 1]},
								"up": {"uv": [21, 10], "uv_size": [1, 1]},
								"down": {"uv": [11, 22], "uv_size": [1, -1]}
							}
						},
						{
							"origin": [-3.75, 17.75, 2.25],
							"size": [1, 1, 1],
							"uv": {
								"north": {"uv": [21, 5], "uv_size": [1, 1]},
								"east": {"uv": [6, 21], "uv_size": [1, 1]},
								"south": {"uv": [21, 6], "uv_size": [1, 1]},
								"west": {"uv": [7, 21], "uv_size": [1, 1]},
								"up": {"uv": [21, 7], "uv_size": [1, 1]},
								"down": {"uv": [8, 22], "uv_size": [1, -1]}
							}
						},
						{
							"origin": [-3.75, 16, 2.25],
							"size": [1, 1, 1],
							"uv": {
								"north": {"uv": [21, 2], "uv_size": [1, 1]},
								"east": {"uv": [3, 21], "uv_size": [1, 1]},
								"south": {"uv": [21, 3], "uv_size": [1, 1]},
								"west": {"uv": [4, 21], "uv_size": [1, 1]},
								"up": {"uv": [21, 4], "uv_size": [1, 1]},
								"down": {"uv": [5, 22], "uv_size": [1, -1]}
							}
						},
						{
							"origin": [-9, 13.25, 1],
							"size": [1, 2, 0.5],
							"uv": {
								"north": {"uv": [17, 8], "uv_size": [1, 2]},
								"east": {"uv": [17, 10], "uv_size": [1, 2]},
								"south": {"uv": [11, 17], "uv_size": [1, 2]},
								"west": {"uv": [17, 12], "uv_size": [1, 2]},
								"up": {"uv": [19, 0], "uv_size": [1, 1]},
								"down": {"uv": [19, 2], "uv_size": [1, -1]}
							}
						},
						{
							"origin": [-9, 13.25, -1.5],
							"size": [1, 2, 0.5],
							"uv": {
								"north": {"uv": [17, 14], "uv_size": [1, 2]},
								"east": {"uv": [17, 16], "uv_size": [1, 2]},
								"south": {"uv": [18, 4], "uv_size": [1, 2]},
								"west": {"uv": [18, 6], "uv_size": [1, 2]},
								"up": {"uv": [19, 2], "uv_size": [1, 1]},
								"down": {"uv": [19, 4], "uv_size": [1, -1]}
							}
						},
						{
							"origin": [-9, 12.75, -1],
							"size": [1, 0.5, 2],
							"uv": {
								"north": {"uv": [19, 4], "uv_size": [1, 1]},
								"east": {"uv": [18, 8], "uv_size": [2, 1]},
								"south": {"uv": [5, 19], "uv_size": [1, 1]},
								"west": {"uv": [18, 9], "uv_size": [2, 1]},
								"up": {"uv": [18, 10], "uv_size": [1, 2]},
								"down": {"uv": [12, 20], "uv_size": [1, -2]}
							}
						},
						{
							"origin": [-9, 12.25, -2.25],
							"size": [1, 0.25, 0.75],
							"uv": {
								"north": {"uv": [19, 6], "uv_size": [1, 1]},
								"east": {"uv": [7, 19], "uv_size": [1, 1]},
								"south": {"uv": [19, 7], "uv_size": [1, 1]},
								"west": {"uv": [8, 19], "uv_size": [1, 1]},
								"up": {"uv": [9, 19], "uv_size": [1, 1]},
								"down": {"uv": [10, 20], "uv_size": [1, -1]}
							}
						},
						{
							"origin": [-9, 12.25, 1.5],
							"size": [1, 0.25, 0.75],
							"uv": {
								"north": {"uv": [19, 10], "uv_size": [1, 1]},
								"east": {"uv": [11, 19], "uv_size": [1, 1]},
								"south": {"uv": [19, 11], "uv_size": [1, 1]},
								"west": {"uv": [13, 19], "uv_size": [1, 1]},
								"up": {"uv": [19, 13], "uv_size": [1, 1]},
								"down": {"uv": [14, 20], "uv_size": [1, -1]}
							}
						},
						{
							"origin": [-9, 13.25, -0.5],
							"size": [1, 0.25, 1.25],
							"pivot": [-8, 11.5, 0],
							"rotation": [-45, 0, 0],
							"uv": {
								"north": {"uv": [19, 14], "uv_size": [1, 1]},
								"east": {"uv": [19, 15], "uv_size": [1, 1]},
								"south": {"uv": [19, 16], "uv_size": [1, 1]},
								"west": {"uv": [19, 17], "uv_size": [1, 1]},
								"up": {"uv": [18, 19], "uv_size": [1, 1]},
								"down": {"uv": [19, 19], "uv_size": [1, -1]}
							}
						},
						{
							"origin": [-9, 13.25, -0.75],
							"size": [1, 0.25, 1.25],
							"pivot": [-8, 11.5, 0],
							"rotation": [45, 0, 0],
							"uv": {
								"north": {"uv": [19, 19], "uv_size": [1, 1]},
								"east": {"uv": [20, 0], "uv_size": [1, 1]},
								"south": {"uv": [20, 1], "uv_size": [1, 1]},
								"west": {"uv": [20, 2], "uv_size": [1, 1]},
								"up": {"uv": [20, 3], "uv_size": [1, 1]},
								"down": {"uv": [20, 5], "uv_size": [1, -1]}
							}
						},
						{
							"origin": [-9, 15.25, -1],
							"size": [1, 0.5, 2],
							"uv": {
								"north": {"uv": [19, 5], "uv_size": [1, 1]},
								"east": {"uv": [18, 12], "uv_size": [2, 1]},
								"south": {"uv": [6, 19], "uv_size": [1, 1]},
								"west": {"uv": [13, 18], "uv_size": [2, 1]},
								"up": {"uv": [18, 13], "uv_size": [1, 2]},
								"down": {"uv": [15, 20], "uv_size": [1, -2]}
							}
						}
					]
				},
				{
					"name": "left_arm",
					"pivot": [5, 22, 0]
				},
				{
					"name": "right_leg",
					"pivot": [-1.9, 12, 0]
				},
				{
					"name": "left_leg",
					"pivot": [1.9, 12, 0]
				}
			]
		}
	]
}