{
	"format_version": "1.9.0",
	"credit": "Made with Blockbench",
	"texture_size": [64, 64],
	"textures": {
		"0": "timewalker:block/time_tunnel",
		"particle": "timewalker:block/time_tunnel"
	},
	"elements": [
		{
			"from": [0, -2, 6],
			"to": [14, 6, 10],
			"rotation": {"angle": 0, "axis": "z", "origin": [8, 16, 6]},
			"faces": {
				"north": {"uv": [3.25, 2, 4.5, 2.5], "texture": "#0"},
				"east": {"uv": [7, 1.75, 7.5, 2.25], "texture": "#0"},
				"south": {"uv": [3.25, 2.5, 4.5, 3], "texture": "#0"},
				"west": {"uv": [8, 6.75, 8.5, 7.25], "texture": "#0"},
				"up": {"uv": [4.5, 3.5, 3.25, 3], "texture": "#0"},
				"down": {"uv": [4.5, 3.5, 3.25, 4], "texture": "#0"}
			}
		},
		{
			"from": [0, -2, 6],
			"to": [14, 6, 10],
			"rotation": {"angle": -22.5, "axis": "z", "origin": [8, 16, 6]},
			"faces": {
				"north": {"uv": [0, 4, 1.25, 4.5], "texture": "#0"},
				"east": {"uv": [8, 7.25, 8.5, 7.75], "texture": "#0"},
				"south": {"uv": [1.25, 4, 2.5, 4.5], "texture": "#0"},
				"west": {"uv": [8, 7.75, 8.5, 8.25], "texture": "#0"},
				"up": {"uv": [3.75, 4.5, 2.5, 4], "texture": "#0"},
				"down": {"uv": [5, 4, 3.75, 4.5], "texture": "#0"}
			}
		},
		{
			"from": [0, -2, 6],
			"to": [14, 6, 10],
			"rotation": {"angle": -45, "axis": "z", "origin": [8, 16, 6]},
			"faces": {
				"north": {"uv": [0, 4.5, 1.25, 5], "texture": "#0"},
				"east": {"uv": [8.25, 0, 8.75, 0.5], "texture": "#0"},
				"south": {"uv": [1.25, 4.5, 2.5, 5], "texture": "#0"},
				"west": {"uv": [3.5, 8.25, 4, 8.75], "texture": "#0"},
				"up": {"uv": [5.75, 2.5, 4.5, 2], "texture": "#0"},
				"down": {"uv": [3.75, 4.5, 2.5, 5], "texture": "#0"}
			}
		},
		{
			"from": [-10, 10, 6],
			"to": [-2, 24, 10],
			"rotation": {"angle": 22.5, "axis": "z", "origin": [8, 16, 6]},
			"faces": {
				"north": {"uv": [4.5, 2.5, 5, 3.75], "texture": "#0"},
				"east": {"uv": [3.75, 4.5, 4.25, 5.75], "texture": "#0"},
				"south": {"uv": [4.25, 4.5, 4.75, 5.75], "texture": "#0"},
				"west": {"uv": [4.75, 4.5, 5.25, 5.75], "texture": "#0"},
				"up": {"uv": [4.5, 8.75, 4, 8.25], "texture": "#0"},
				"down": {"uv": [5, 8.25, 4.5, 8.75], "texture": "#0"}
			}
		},
		{
			"from": [2, 26, 6],
			"to": [16, 32, 10],
			"rotation": {"angle": 45, "axis": "z", "origin": [8, 16, 6]},
			"faces": {
				"north": {"uv": [5.5, 3, 6.75, 3.5], "texture": "#0"},
				"east": {"uv": [1, 8.5, 1.5, 9], "texture": "#0"},
				"south": {"uv": [5.5, 3.5, 6.75, 4], "texture": "#0"},
				"west": {"uv": [1.5, 8.5, 2, 9], "texture": "#0"},
				"up": {"uv": [6.5, 6, 5.25, 5.5], "texture": "#0"},
				"down": {"uv": [7, 0, 5.75, 0.5], "texture": "#0"}
			}
		},
		{
			"from": [-10, 10, 6],
			"to": [-2, 24, 10],
			"rotation": {"angle": -22.5, "axis": "z", "origin": [8, 16, 6]},
			"faces": {
				"north": {"uv": [1, 5.5, 1.5, 6.75], "texture": "#0"},
				"east": {"uv": [1.5, 5.5, 2, 6.75], "texture": "#0"},
				"south": {"uv": [2, 5.5, 2.5, 6.75], "texture": "#0"},
				"west": {"uv": [2.5, 5.5, 3, 6.75], "texture": "#0"},
				"up": {"uv": [0.5, 9, 0, 8.5], "texture": "#0"},
				"down": {"uv": [1, 8.5, 0.5, 9], "texture": "#0"}
			}
		},
		{
			"from": [-10, 10, 6],
			"to": [-2, 24, 10],
			"rotation": {"angle": 0, "axis": "z", "origin": [8, 16, 6]},
			"faces": {
				"north": {"uv": [5, 3, 5.5, 4.25], "texture": "#0"},
				"east": {"uv": [5.25, 4.25, 5.75, 5.5], "texture": "#0"},
				"south": {"uv": [0, 5.5, 0.5, 6.75], "texture": "#0"},
				"west": {"uv": [0.5, 5.5, 1, 6.75], "texture": "#0"},
				"up": {"uv": [8, 8.75, 7.5, 8.25], "texture": "#0"},
				"down": {"uv": [8.5, 8.25, 8, 8.75], "texture": "#0"}
			}
		},
		{
			"from": [2, 26, 6],
			"to": [16, 32, 10],
			"rotation": {"angle": 22.5, "axis": "z", "origin": [8, 16, 6]},
			"faces": {
				"north": {"uv": [0, 5, 1.25, 5.5], "texture": "#0"},
				"east": {"uv": [6.5, 8.25, 7, 8.75], "texture": "#0"},
				"south": {"uv": [1.25, 5, 2.5, 5.5], "texture": "#0"},
				"west": {"uv": [7, 8.25, 7.5, 8.75], "texture": "#0"},
				"up": {"uv": [3.75, 5.5, 2.5, 5], "texture": "#0"},
				"down": {"uv": [6.25, 2.5, 5, 3], "texture": "#0"}
			}
		},
		{
			"from": [18, 8, 6],
			"to": [26, 22, 10],
			"rotation": {"angle": 22.5, "axis": "z", "origin": [8, 16, 6]},
			"faces": {
				"north": {"uv": [4, 7, 4.5, 8.25], "texture": "#0"},
				"east": {"uv": [4.5, 7, 5, 8.25], "texture": "#0"},
				"south": {"uv": [6.5, 7, 7, 8.25], "texture": "#0"},
				"west": {"uv": [7, 7, 7.5, 8.25], "texture": "#0"},
				"up": {"uv": [4.5, 9.25, 4, 8.75], "texture": "#0"},
				"down": {"uv": [5, 8.75, 4.5, 9.25], "texture": "#0"}
			}
		},
		{
			"from": [18, 8, 6],
			"to": [26, 22, 10],
			"rotation": {"angle": 45, "axis": "z", "origin": [8, 16, 6]},
			"faces": {
				"north": {"uv": [2.5, 6.75, 3, 8], "texture": "#0"},
				"east": {"uv": [3, 6.75, 3.5, 8], "texture": "#0"},
				"south": {"uv": [7, 0.5, 7.5, 1.75], "texture": "#0"},
				"west": {"uv": [3.5, 7, 4, 8.25], "texture": "#0"},
				"up": {"uv": [9.25, 0.5, 8.75, 0], "texture": "#0"},
				"down": {"uv": [4, 8.75, 3.5, 9.25], "texture": "#0"}
			}
		},
		{
			"from": [2, 26, 6],
			"to": [16, 32, 10],
			"rotation": {"angle": -22.5, "axis": "z", "origin": [8, 16, 6]},
			"faces": {
				"north": {"uv": [1.25, 6.75, 2.5, 7.25], "texture": "#0"},
				"east": {"uv": [8.5, 7.75, 9, 8.25], "texture": "#0"},
				"south": {"uv": [6.75, 3, 8, 3.5], "texture": "#0"},
				"west": {"uv": [8.5, 8.25, 9, 8.75], "texture": "#0"},
				"up": {"uv": [8, 4, 6.75, 3.5], "texture": "#0"},
				"down": {"uv": [8.25, 0, 7, 0.5], "texture": "#0"}
			}
		},
		{
			"from": [2, 26, 6],
			"to": [16, 32, 10],
			"rotation": {"angle": 0, "axis": "z", "origin": [8, 16, 6]},
			"faces": {
				"north": {"uv": [6.5, 5.5, 7.75, 6], "texture": "#0"},
				"east": {"uv": [8.5, 6.75, 9, 7.25], "texture": "#0"},
				"south": {"uv": [6.5, 6, 7.75, 6.5], "texture": "#0"},
				"west": {"uv": [8.5, 7.25, 9, 7.75], "texture": "#0"},
				"up": {"uv": [7.75, 7, 6.5, 6.5], "texture": "#0"},
				"down": {"uv": [1.25, 6.75, 0, 7.25], "texture": "#0"}
			}
		},
		{
			"from": [0, -2, 6],
			"to": [14, 6, 10],
			"rotation": {"angle": 45, "axis": "z", "origin": [8, 16, 6]},
			"faces": {
				"north": {"uv": [6.25, 2.5, 7.5, 3], "texture": "#0"},
				"east": {"uv": [5.5, 8.5, 6, 9], "texture": "#0"},
				"south": {"uv": [6.25, 4, 7.5, 4.5], "texture": "#0"},
				"west": {"uv": [6, 8.5, 6.5, 9], "texture": "#0"},
				"up": {"uv": [7.5, 5, 6.25, 4.5], "texture": "#0"},
				"down": {"uv": [7.5, 5, 6.25, 5.5], "texture": "#0"}
			}
		},
		{
			"from": [18, 8, 6],
			"to": [26, 22, 10],
			"rotation": {"angle": -22.5, "axis": "z", "origin": [8, 16, 6]},
			"faces": {
				"north": {"uv": [4.5, 5.75, 5, 7], "texture": "#0"},
				"east": {"uv": [5, 6, 5.5, 7.25], "texture": "#0"},
				"south": {"uv": [5.5, 6, 6, 7.25], "texture": "#0"},
				"west": {"uv": [6, 6, 6.5, 7.25], "texture": "#0"},
				"up": {"uv": [9, 5, 8.5, 4.5], "texture": "#0"},
				"down": {"uv": [5.5, 8.5, 5, 9], "texture": "#0"}
			}
		},
		{
			"from": [18, 8, 6],
			"to": [26, 22, 10],
			"rotation": {"angle": 0, "axis": "z", "origin": [8, 16, 6]},
			"faces": {
				"north": {"uv": [3, 5.5, 3.5, 6.75], "texture": "#0"},
				"east": {"uv": [3.5, 5.75, 4, 7], "texture": "#0"},
				"south": {"uv": [4, 5.75, 4.5, 7], "texture": "#0"},
				"west": {"uv": [5.75, 4, 6.25, 5.25], "texture": "#0"},
				"up": {"uv": [9, 4, 8.5, 3.5], "texture": "#0"},
				"down": {"uv": [9, 4, 8.5, 4.5], "texture": "#0"}
			}
		},
		{
			"from": [0, -2, 6],
			"to": [14, 6, 10],
			"rotation": {"angle": 22.5, "axis": "z", "origin": [8, 16, 6]},
			"faces": {
				"north": {"uv": [5.75, 0.5, 7, 1], "texture": "#0"},
				"east": {"uv": [2, 8.5, 2.5, 9], "texture": "#0"},
				"south": {"uv": [5.75, 1, 7, 1.5], "texture": "#0"},
				"west": {"uv": [8.5, 3, 9, 3.5], "texture": "#0"},
				"up": {"uv": [7, 2, 5.75, 1.5], "texture": "#0"},
				"down": {"uv": [7, 2, 5.75, 2.5], "texture": "#0"}
			}
		},
		{
			"from": [-4, 8, 8],
			"to": [22, 24, 8],
			"rotation": {"angle": 0, "axis": "y", "origin": [6, 14, 8]},
			"faces": {
				"north": {"uv": [0, 0, 3.25, 2], "texture": "#0"},
				"east": {"uv": [0, 0, 0, 2], "texture": "#0"},
				"south": {"uv": [0, 2, 3.25, 4], "texture": "#0"},
				"west": {"uv": [0, 0, 0, 2], "texture": "#0"},
				"up": {"uv": [3.25, 0, 0, 0], "texture": "#0"},
				"down": {"uv": [3.25, 0, 0, 0], "texture": "#0"}
			}
		},
		{
			"from": [-2, 4, 8],
			"to": [18, 8, 8],
			"rotation": {"angle": 0, "axis": "y", "origin": [6, -2, 8]},
			"faces": {
				"north": {"uv": [3.25, 0, 5.75, 0.5], "texture": "#0"},
				"east": {"uv": [0, 0, 0, 0.5], "texture": "#0"},
				"south": {"uv": [3.25, 0.5, 5.75, 1], "texture": "#0"},
				"west": {"uv": [0, 0, 0, 0.5], "texture": "#0"},
				"up": {"uv": [2.5, 0, 0, 0], "texture": "#0"},
				"down": {"uv": [2.5, 0, 0, 0], "texture": "#0"}
			}
		},
		{
			"from": [-2, 24, 8],
			"to": [18, 28, 8],
			"rotation": {"angle": 0, "axis": "y", "origin": [6, 18, 8]},
			"faces": {
				"north": {"uv": [3.25, 1, 5.75, 1.5], "texture": "#0"},
				"east": {"uv": [0, 0, 0, 0.5], "texture": "#0"},
				"south": {"uv": [3.25, 1.5, 5.75, 2], "texture": "#0"},
				"west": {"uv": [0, 0, 0, 0.5], "texture": "#0"},
				"up": {"uv": [2.5, 0, 0, 0], "texture": "#0"},
				"down": {"uv": [2.5, 0, 0, 0], "texture": "#0"}
			}
		},
		{
			"from": [-12, 6, 4],
			"to": [-8, 16, 8],
			"rotation": {"angle": 0, "axis": "y", "origin": [-12, 12, 4]},
			"faces": {
				"north": {"uv": [0, 7.25, 0.5, 8.5], "texture": "#0"},
				"east": {"uv": [0.5, 7.25, 1, 8.5], "texture": "#0"},
				"south": {"uv": [1, 7.25, 1.5, 8.5], "texture": "#0"},
				"west": {"uv": [1.5, 7.25, 2, 8.5], "texture": "#0"},
				"up": {"uv": [7, 9.25, 6.5, 8.75], "texture": "#0"},
				"down": {"uv": [7.5, 8.75, 7, 9.25], "texture": "#0"}
			}
		},
		{
			"from": [24, 12, 4],
			"to": [28, 22, 8],
			"rotation": {"angle": 0, "axis": "y", "origin": [24, 18, 4]},
			"faces": {
				"north": {"uv": [2, 7.25, 2.5, 8.5], "texture": "#0"},
				"east": {"uv": [5, 7.25, 5.5, 8.5], "texture": "#0"},
				"south": {"uv": [5.5, 7.25, 6, 8.5], "texture": "#0"},
				"west": {"uv": [6, 7.25, 6.5, 8.5], "texture": "#0"},
				"up": {"uv": [8, 9.25, 7.5, 8.75], "texture": "#0"},
				"down": {"uv": [8.5, 8.75, 8, 9.25], "texture": "#0"}
			}
		},
		{
			"from": [20, 28, 5],
			"to": [24, 32, 11],
			"rotation": {"angle": -45, "axis": "z", "origin": [20, 30, 6]},
			"faces": {
				"north": {"uv": [7.5, 0.5, 8, 1.75], "texture": "#0"},
				"east": {"uv": [7.5, 1.75, 8, 3], "texture": "#0"},
				"south": {"uv": [7.5, 4, 8, 5.25], "texture": "#0"},
				"west": {"uv": [7.5, 7, 8, 8.25], "texture": "#0"},
				"up": {"uv": [9, 9.25, 8.5, 8.75], "texture": "#0"},
				"down": {"uv": [0.5, 9, 0, 9.5], "texture": "#0"}
			}
		},
		{
			"from": [22, 0, 5],
			"to": [28, 4, 11],
			"rotation": {"angle": -45, "axis": "z", "origin": [22, 4, 6]},
			"faces": {
				"north": {"uv": [8, 1, 9.25, 1.5], "texture": "#0"},
				"east": {"uv": [1.5, 9, 2, 9.5], "texture": "#0"},
				"south": {"uv": [8, 1.5, 9.25, 2], "texture": "#0"},
				"west": {"uv": [2, 9, 2.5, 9.5], "texture": "#0"},
				"up": {"uv": [9.25, 2.5, 8, 2], "texture": "#0"},
				"down": {"uv": [9.25, 2.5, 8, 3], "texture": "#0"}
			}
		},
		{
			"from": [-8, -4, 5],
			"to": [-4, 2, 11],
			"rotation": {"angle": -45, "axis": "z", "origin": [-4, 0, 6]},
			"faces": {
				"north": {"uv": [2.5, 8, 3, 9], "texture": "#0"},
				"east": {"uv": [3, 8, 3.5, 9], "texture": "#0"},
				"south": {"uv": [8, 3, 8.5, 4], "texture": "#0"},
				"west": {"uv": [8, 4, 8.5, 5], "texture": "#0"},
				"up": {"uv": [3, 9.5, 2.5, 9], "texture": "#0"},
				"down": {"uv": [3.5, 9, 3, 9.5], "texture": "#0"}
			}
		},
		{
			"from": [-6, 28, 5],
			"to": [-2, 32, 11],
			"rotation": {"angle": 22.5, "axis": "z", "origin": [-6, 28, 6]},
			"faces": {
				"north": {"uv": [7.75, 5.25, 9, 5.75], "rotation": 270, "texture": "#0"},
				"east": {"uv": [9, 6.75, 7.75, 6.25], "rotation": 90, "texture": "#0"},
				"south": {"uv": [7.75, 5.75, 9, 6.25], "rotation": 90, "texture": "#0"},
				"west": {"uv": [9.25, 0.5, 8, 1], "rotation": 90, "texture": "#0"},
				"up": {"uv": [1, 9, 1.5, 9.5], "rotation": 90, "texture": "#0"},
				"down": {"uv": [0.5, 9, 1, 9.5], "rotation": 90, "texture": "#0"}
			}
		}
	],
	"display": {
		"thirdperson_righthand": {
			"translation": [0, 4.5, 1.25],
			"scale": [0.5, 0.5, 0.5]
		},
		"thirdperson_lefthand": {
			"translation": [0, 4.5, 1.25],
			"scale": [0.5, 0.5, 0.5]
		},
		"firstperson_righthand": {
			"translation": [1.5, 3.75, 0],
			"scale": [0.5, 0.5, 0.5]
		},
		"firstperson_lefthand": {
			"translation": [1.5, 3.75, 0],
			"scale": [0.5, 0.5, 0.5]
		},
		"ground": {
			"translation": [0, 8.5, 0]
		},
		"gui": {
			"translation": [0, -2.75, 0],
			"scale": [0.4, 0.4, 0.4]
		},
		"head": {
			"scale": [0.5, 0.5, 0.5]
		},
		"fixed": {
			"scale": [0.9, 0.9, 0.9]
		}
	}
}