{
	"format_version": "1.9.0",
	"credit": "Made with Blockbench",
	"texture_size": [32, 32],
	"textures": {
		"0": "timewalker:item/chrononavigator_gauntlet",
		"particle": "timewalker:item/chrononavigator_gauntlet"
	},
	"elements": [
		{
			"name": "right_arm",
			"from": [5.5, 0, 5.5],
			"to": [11.5, 5, 11.5],
			"rotation": {"angle": 0, "axis": "z", "origin": [8.5, 4.75, 8.5]},
			"faces": {
				"north": {"uv": [3, 0, 6, 2.5], "rotation": 180, "texture": "#0"},
				"east": {"uv": [0, 6, 3, 8.5], "rotation": 180, "texture": "#0"},
				"south": {"uv": [3, 5, 6, 7.5], "rotation": 180, "texture": "#0"},
				"west": {"uv": [3, 2.5, 6, 5], "rotation": 180, "texture": "#0"},
				"up": {"uv": [3, 3, 0, 6], "rotation": 180, "texture": "#0"},
				"down": {"uv": [3, 3, 0, 0], "rotation": 180, "texture": "#0"}
			}
		},
		{
			"name": "right_arm",
			"from": [6, 5, 6],
			"to": [11, 9, 11],
			"rotation": {"angle": 0, "axis": "z", "origin": [8.5, 4.75, 8.5]},
			"faces": {
				"north": {"uv": [6, 5, 8.5, 7], "rotation": 180, "texture": "#0"},
				"east": {"uv": [0, 8.5, 2.5, 10.5], "rotation": 180, "texture": "#0"},
				"south": {"uv": [3, 7.5, 5.5, 9.5], "rotation": 180, "texture": "#0"},
				"west": {"uv": [6, 7, 8.5, 9], "rotation": 180, "texture": "#0"},
				"up": {"uv": [8.5, 2.5, 6, 5], "rotation": 180, "texture": "#0"},
				"down": {"uv": [8.5, 2.5, 6, 0], "rotation": 180, "texture": "#0"}
			}
		},
		{
			"name": "right_arm",
			"from": [5.75, 5.5, 7.5],
			"to": [6.75, 7.5, 9.5],
			"rotation": {"angle": 0, "axis": "z", "origin": [8.5, 4.75, 8.5]},
			"faces": {
				"north": {"uv": [5.5, 7.5, 6, 8.5], "rotation": 180, "texture": "#0"},
				"east": {"uv": [8.5, 1, 9.5, 2], "rotation": 180, "texture": "#0"},
				"south": {"uv": [8.5, 2, 9, 3], "rotation": 180, "texture": "#0"},
				"west": {"uv": [8.5, 0, 9.5, 1], "rotation": 180, "texture": "#0"},
				"up": {"uv": [9, 3, 8.5, 4], "rotation": 180, "texture": "#0"},
				"down": {"uv": [3, 9.5, 2.5, 8.5], "rotation": 180, "texture": "#0"}
			}
		},
		{
			"name": "right_arm",
			"from": [5.25, 0.25, 5.25],
			"to": [6.25, 1.25, 6.25],
			"rotation": {"angle": 0, "axis": "z", "origin": [8.5, 4.75, 8.5]},
			"faces": {
				"north": {"uv": [2.5, 10, 3, 10.5], "rotation": 180, "texture": "#0"},
				"east": {"uv": [10, 3, 10.5, 3.5], "rotation": 180, "texture": "#0"},
				"south": {"uv": [3, 10, 3.5, 10.5], "rotation": 180, "texture": "#0"},
				"west": {"uv": [10, 2.5, 10.5, 3], "rotation": 180, "texture": "#0"},
				"up": {"uv": [10.5, 3.5, 10, 4], "rotation": 180, "texture": "#0"},
				"down": {"uv": [4, 10.5, 3.5, 10], "rotation": 180, "texture": "#0"}
			}
		},
		{
			"name": "right_arm",
			"from": [5.25, 2, 5.25],
			"to": [6.25, 3, 6.25],
			"rotation": {"angle": 0, "axis": "z", "origin": [8.5, 4.75, 8.5]},
			"faces": {
				"north": {"uv": [4, 10, 4.5, 10.5], "rotation": 180, "texture": "#0"},
				"east": {"uv": [10, 4.5, 10.5, 5], "rotation": 180, "texture": "#0"},
				"south": {"uv": [4.5, 10, 5, 10.5], "rotation": 180, "texture": "#0"},
				"west": {"uv": [10, 4, 10.5, 4.5], "rotation": 180, "texture": "#0"},
				"up": {"uv": [10.5, 5, 10, 5.5], "rotation": 180, "texture": "#0"},
				"down": {"uv": [5.5, 10.5, 5, 10], "rotation": 180, "texture": "#0"}
			}
		},
		{
			"name": "right_arm",
			"from": [5.25, 3.75, 5.25],
			"to": [6.25, 4.75, 6.25],
			"rotation": {"angle": 0, "axis": "z", "origin": [8.5, 4.75, 8.5]},
			"faces": {
				"north": {"uv": [5.5, 10, 6, 10.5], "rotation": 180, "texture": "#0"},
				"east": {"uv": [10, 6, 10.5, 6.5], "rotation": 180, "texture": "#0"},
				"south": {"uv": [6, 10, 6.5, 10.5], "rotation": 180, "texture": "#0"},
				"west": {"uv": [10, 5.5, 10.5, 6], "rotation": 180, "texture": "#0"},
				"up": {"uv": [10.5, 6.5, 10, 7], "rotation": 180, "texture": "#0"},
				"down": {"uv": [7, 10.5, 6.5, 10], "rotation": 180, "texture": "#0"}
			}
		},
		{
			"name": "right_arm",
			"from": [5.25, 0.75, 8],
			"to": [6.25, 2.5, 9],
			"rotation": {"angle": 0, "axis": "z", "origin": [8.5, 4.75, 8.5]},
			"faces": {
				"north": {"uv": [9, 7.5, 9.5, 8.5], "rotation": 180, "texture": "#0"},
				"east": {"uv": [9, 8.5, 9.5, 9.5], "rotation": 180, "texture": "#0"},
				"south": {"uv": [8.5, 9, 9, 10], "rotation": 180, "texture": "#0"},
				"west": {"uv": [8, 9, 8.5, 10], "rotation": 180, "texture": "#0"},
				"up": {"uv": [11, 10.5, 10.5, 11], "rotation": 180, "texture": "#0"},
				"down": {"uv": [11, 10.5, 10.5, 10], "rotation": 180, "texture": "#0"}
			}
		},
		{
			"name": "right_arm",
			"from": [10.75, 0.25, 5.25],
			"to": [11.75, 1.25, 6.25],
			"rotation": {"angle": 0, "axis": "z", "origin": [8.5, 4.75, 8.5]},
			"faces": {
				"north": {"uv": [10, 10, 10.5, 10.5], "rotation": 180, "texture": "#0"},
				"east": {"uv": [0.5, 10.5, 1, 11], "rotation": 180, "texture": "#0"},
				"south": {"uv": [10.5, 0, 11, 0.5], "rotation": 180, "texture": "#0"},
				"west": {"uv": [0, 10.5, 0.5, 11], "rotation": 180, "texture": "#0"},
				"up": {"uv": [1.5, 10.5, 1, 11], "rotation": 180, "texture": "#0"},
				"down": {"uv": [11, 1, 10.5, 0.5], "rotation": 180, "texture": "#0"}
			}
		},
		{
			"name": "right_arm",
			"from": [10.75, 2, 5.25],
			"to": [11.75, 3, 6.25],
			"rotation": {"angle": 0, "axis": "z", "origin": [8.5, 4.75, 8.5]},
			"faces": {
				"north": {"uv": [8.5, 10, 9, 10.5], "rotation": 180, "texture": "#0"},
				"east": {"uv": [10, 9, 10.5, 9.5], "rotation": 180, "texture": "#0"},
				"south": {"uv": [9, 10, 9.5, 10.5], "rotation": 180, "texture": "#0"},
				"west": {"uv": [10, 8.5, 10.5, 9], "rotation": 180, "texture": "#0"},
				"up": {"uv": [10.5, 9.5, 10, 10], "rotation": 180, "texture": "#0"},
				"down": {"uv": [10, 10.5, 9.5, 10], "rotation": 180, "texture": "#0"}
			}
		},
		{
			"name": "right_arm",
			"from": [10.75, 3.75, 5.25],
			"to": [11.75, 4.75, 6.25],
			"rotation": {"angle": 0, "axis": "z", "origin": [8.5, 4.75, 8.5]},
			"faces": {
				"north": {"uv": [7, 10, 7.5, 10.5], "rotation": 180, "texture": "#0"},
				"east": {"uv": [10, 7.5, 10.5, 8], "rotation": 180, "texture": "#0"},
				"south": {"uv": [7.5, 10, 8, 10.5], "rotation": 180, "texture": "#0"},
				"west": {"uv": [10, 7, 10.5, 7.5], "rotation": 180, "texture": "#0"},
				"up": {"uv": [10.5, 8, 10, 8.5], "rotation": 180, "texture": "#0"},
				"down": {"uv": [8.5, 10.5, 8, 10], "rotation": 180, "texture": "#0"}
			}
		},
		{
			"name": "right_arm",
			"from": [5.25, 0.25, 10.75],
			"to": [6.25, 1.25, 11.75],
			"rotation": {"angle": 0, "axis": "z", "origin": [8.5, 4.75, 8.5]},
			"faces": {
				"north": {"uv": [10.5, 8.5, 11, 9], "rotation": 180, "texture": "#0"},
				"east": {"uv": [9.5, 10.5, 10, 11], "rotation": 180, "texture": "#0"},
				"south": {"uv": [10.5, 9, 11, 9.5], "rotation": 180, "texture": "#0"},
				"west": {"uv": [9, 10.5, 9.5, 11], "rotation": 180, "texture": "#0"},
				"up": {"uv": [10.5, 10.5, 10, 11], "rotation": 180, "texture": "#0"},
				"down": {"uv": [11, 10, 10.5, 9.5], "rotation": 180, "texture": "#0"}
			}
		},
		{
			"name": "right_arm",
			"from": [5.25, 2, 10.75],
			"to": [6.25, 3, 11.75],
			"rotation": {"angle": 0, "axis": "z", "origin": [8.5, 4.75, 8.5]},
			"faces": {
				"north": {"uv": [10.5, 7, 11, 7.5], "rotation": 180, "texture": "#0"},
				"east": {"uv": [8, 10.5, 8.5, 11], "rotation": 180, "texture": "#0"},
				"south": {"uv": [10.5, 7.5, 11, 8], "rotation": 180, "texture": "#0"},
				"west": {"uv": [7.5, 10.5, 8, 11], "rotation": 180, "texture": "#0"},
				"up": {"uv": [9, 10.5, 8.5, 11], "rotation": 180, "texture": "#0"},
				"down": {"uv": [11, 8.5, 10.5, 8], "rotation": 180, "texture": "#0"}
			}
		},
		{
			"name": "right_arm",
			"from": [5.25, 3.75, 10.75],
			"to": [6.25, 4.75, 11.75],
			"rotation": {"angle": 0, "axis": "z", "origin": [8.5, 4.75, 8.5]},
			"faces": {
				"north": {"uv": [10.5, 5.5, 11, 6], "rotation": 180, "texture": "#0"},
				"east": {"uv": [6.5, 10.5, 7, 11], "rotation": 180, "texture": "#0"},
				"south": {"uv": [10.5, 6, 11, 6.5], "rotation": 180, "texture": "#0"},
				"west": {"uv": [6, 10.5, 6.5, 11], "rotation": 180, "texture": "#0"},
				"up": {"uv": [7.5, 10.5, 7, 11], "rotation": 180, "texture": "#0"},
				"down": {"uv": [11, 7, 10.5, 6.5], "rotation": 180, "texture": "#0"}
			}
		},
		{
			"name": "right_arm",
			"from": [10.75, 0.25, 10.75],
			"to": [11.75, 1.25, 11.75],
			"rotation": {"angle": 0, "axis": "z", "origin": [8.5, 4.75, 8.5]},
			"faces": {
				"north": {"uv": [10.5, 4, 11, 4.5], "rotation": 180, "texture": "#0"},
				"east": {"uv": [5, 10.5, 5.5, 11], "rotation": 180, "texture": "#0"},
				"south": {"uv": [10.5, 4.5, 11, 5], "rotation": 180, "texture": "#0"},
				"west": {"uv": [4.5, 10.5, 5, 11], "rotation": 180, "texture": "#0"},
				"up": {"uv": [6, 10.5, 5.5, 11], "rotation": 180, "texture": "#0"},
				"down": {"uv": [11, 5.5, 10.5, 5], "rotation": 180, "texture": "#0"}
			}
		},
		{
			"name": "right_arm",
			"from": [10.75, 2, 10.75],
			"to": [11.75, 3, 11.75],
			"rotation": {"angle": 0, "axis": "z", "origin": [8.5, 4.75, 8.5]},
			"faces": {
				"north": {"uv": [10.5, 2.5, 11, 3], "rotation": 180, "texture": "#0"},
				"east": {"uv": [3.5, 10.5, 4, 11], "rotation": 180, "texture": "#0"},
				"south": {"uv": [10.5, 3, 11, 3.5], "rotation": 180, "texture": "#0"},
				"west": {"uv": [3, 10.5, 3.5, 11], "rotation": 180, "texture": "#0"},
				"up": {"uv": [4.5, 10.5, 4, 11], "rotation": 180, "texture": "#0"},
				"down": {"uv": [11, 4, 10.5, 3.5], "rotation": 180, "texture": "#0"}
			}
		},
		{
			"name": "right_arm",
			"from": [10.75, 3.75, 10.75],
			"to": [11.75, 4.75, 11.75],
			"rotation": {"angle": 0, "axis": "z", "origin": [8.5, 4.75, 8.5]},
			"faces": {
				"north": {"uv": [10.5, 1, 11, 1.5], "rotation": 180, "texture": "#0"},
				"east": {"uv": [2, 10.5, 2.5, 11], "rotation": 180, "texture": "#0"},
				"south": {"uv": [10.5, 1.5, 11, 2], "rotation": 180, "texture": "#0"},
				"west": {"uv": [1.5, 10.5, 2, 11], "rotation": 180, "texture": "#0"},
				"up": {"uv": [3, 10.5, 2.5, 11], "rotation": 180, "texture": "#0"},
				"down": {"uv": [11, 2.5, 10.5, 2], "rotation": 180, "texture": "#0"}
			}
		},
		{
			"name": "right_arm",
			"from": [5.5, 5.5, 9.5],
			"to": [6.5, 7.5, 10],
			"rotation": {"angle": 0, "axis": "z", "origin": [8.5, 4.75, 8.5]},
			"faces": {
				"north": {"uv": [8.5, 4, 9, 5], "rotation": 180, "texture": "#0"},
				"east": {"uv": [8.5, 6, 9, 7], "rotation": 180, "texture": "#0"},
				"south": {"uv": [5.5, 8.5, 6, 9.5], "rotation": 180, "texture": "#0"},
				"west": {"uv": [8.5, 5, 9, 6], "rotation": 180, "texture": "#0"},
				"up": {"uv": [10, 0.5, 9.5, 1], "rotation": 180, "texture": "#0"},
				"down": {"uv": [10, 0.5, 9.5, 0], "rotation": 180, "texture": "#0"}
			}
		},
		{
			"name": "right_arm",
			"from": [5.5, 5.5, 7],
			"to": [6.5, 7.5, 7.5],
			"rotation": {"angle": 0, "axis": "z", "origin": [8.5, 4.75, 8.5]},
			"faces": {
				"north": {"uv": [8.5, 7, 9, 8], "rotation": 180, "texture": "#0"},
				"east": {"uv": [9, 3, 9.5, 4], "rotation": 180, "texture": "#0"},
				"south": {"uv": [9, 2, 9.5, 3], "rotation": 180, "texture": "#0"},
				"west": {"uv": [8.5, 8, 9, 9], "rotation": 180, "texture": "#0"},
				"up": {"uv": [10, 1.5, 9.5, 2], "rotation": 180, "texture": "#0"},
				"down": {"uv": [10, 1.5, 9.5, 1], "rotation": 180, "texture": "#0"}
			}
		},
		{
			"name": "right_arm",
			"from": [5.5, 7.5, 7.5],
			"to": [6.5, 8, 9.5],
			"rotation": {"angle": 0, "axis": "z", "origin": [8.5, 4.75, 8.5]},
			"faces": {
				"north": {"uv": [9.5, 2, 10, 2.5], "rotation": 180, "texture": "#0"},
				"east": {"uv": [9, 4.5, 10, 5], "rotation": 180, "texture": "#0"},
				"south": {"uv": [2.5, 9.5, 3, 10], "rotation": 180, "texture": "#0"},
				"west": {"uv": [9, 4, 10, 4.5], "rotation": 180, "texture": "#0"},
				"up": {"uv": [6.5, 9, 6, 10], "rotation": 180, "texture": "#0"},
				"down": {"uv": [9.5, 6, 9, 5], "rotation": 180, "texture": "#0"}
			}
		},
		{
			"name": "right_arm",
			"from": [5.5, 8.25, 6.25],
			"to": [6.5, 8.5, 7],
			"rotation": {"angle": 0, "axis": "z", "origin": [8.5, 4.75, 8.5]},
			"faces": {
				"north": {"uv": [9.5, 3, 10, 3.5], "rotation": 180, "texture": "#0"},
				"east": {"uv": [4, 9.5, 4.5, 10], "rotation": 180, "texture": "#0"},
				"south": {"uv": [9.5, 3.5, 10, 4], "rotation": 180, "texture": "#0"},
				"west": {"uv": [3.5, 9.5, 4, 10], "rotation": 180, "texture": "#0"},
				"up": {"uv": [5.5, 9.5, 5, 10], "rotation": 180, "texture": "#0"},
				"down": {"uv": [5, 10, 4.5, 9.5], "rotation": 180, "texture": "#0"}
			}
		},
		{
			"name": "right_arm",
			"from": [5.5, 8.25, 10],
			"to": [6.5, 8.5, 10.75],
			"rotation": {"angle": 0, "axis": "z", "origin": [8.5, 4.75, 8.5]},
			"faces": {
				"north": {"uv": [9.5, 5, 10, 5.5], "rotation": 180, "texture": "#0"},
				"east": {"uv": [6.5, 9.5, 7, 10], "rotation": 180, "texture": "#0"},
				"south": {"uv": [9.5, 5.5, 10, 6], "rotation": 180, "texture": "#0"},
				"west": {"uv": [5.5, 9.5, 6, 10], "rotation": 180, "texture": "#0"},
				"up": {"uv": [7.5, 9.5, 7, 10], "rotation": 180, "texture": "#0"},
				"down": {"uv": [10, 7, 9.5, 6.5], "rotation": 180, "texture": "#0"}
			}
		},
		{
			"name": "right_arm",
			"from": [5.5, 5.93198, 11.18198],
			"to": [6.5, 6.18198, 12.43198],
			"rotation": {"angle": -45, "axis": "x", "origin": [8.5, 4.75, 8.5]},
			"faces": {
				"north": {"uv": [9.5, 7, 10, 7.5], "rotation": 180, "texture": "#0"},
				"east": {"uv": [9.5, 8.5, 10, 9], "rotation": 180, "texture": "#0"},
				"south": {"uv": [9.5, 8, 10, 8.5], "rotation": 180, "texture": "#0"},
				"west": {"uv": [9.5, 7.5, 10, 8], "rotation": 180, "texture": "#0"},
				"up": {"uv": [10, 9, 9.5, 9.5], "rotation": 180, "texture": "#0"},
				"down": {"uv": [9.5, 10, 9, 9.5], "rotation": 180, "texture": "#0"}
			}
		},
		{
			"name": "right_arm",
			"from": [5.5, 5.93198, 4.56802],
			"to": [6.5, 6.18198, 5.81802],
			"rotation": {"angle": 45, "axis": "x", "origin": [8.5, 4.75, 8.5]},
			"faces": {
				"north": {"uv": [9.5, 9.5, 10, 10], "rotation": 180, "texture": "#0"},
				"east": {"uv": [10, 1, 10.5, 1.5], "rotation": 180, "texture": "#0"},
				"south": {"uv": [10, 0.5, 10.5, 1], "rotation": 180, "texture": "#0"},
				"west": {"uv": [10, 0, 10.5, 0.5], "rotation": 180, "texture": "#0"},
				"up": {"uv": [10.5, 2, 10, 2.5], "rotation": 180, "texture": "#0"},
				"down": {"uv": [10.5, 2, 10, 1.5], "rotation": 180, "texture": "#0"}
			}
		},
		{
			"name": "right_arm",
			"from": [5.5, 5, 7.5],
			"to": [6.5, 5.5, 9.5],
			"rotation": {"angle": 0, "axis": "z", "origin": [8.5, 4.75, 8.5]},
			"faces": {
				"north": {"uv": [9.5, 2.5, 10, 3], "rotation": 180, "texture": "#0"},
				"east": {"uv": [6.5, 9, 7.5, 9.5], "rotation": 180, "texture": "#0"},
				"south": {"uv": [3, 9.5, 3.5, 10], "rotation": 180, "texture": "#0"},
				"west": {"uv": [9, 6, 10, 6.5], "rotation": 180, "texture": "#0"},
				"up": {"uv": [8, 9, 7.5, 10], "rotation": 180, "texture": "#0"},
				"down": {"uv": [9.5, 7.5, 9, 6.5], "rotation": 180, "texture": "#0"}
			}
		}
	],
	"display": {
		"thirdperson_righthand": {
			"rotation": [-90, 180, 0],
			"translation": [1, -1.5, 0.25]
		},
		"thirdperson_lefthand": {
			"rotation": [-90, 0, 0],
			"translation": [1, -2.5, 0.25]
		},
		"firstperson_righthand": {
			"rotation": [-45, 30, 0],
			"translation": [0, 6, 0]
		},
		"firstperson_lefthand": {
			"rotation": [-45, -150, 0],
			"translation": [0, 6, 0]
		},
		"ground": {
			"translation": [0, 4.5, 0]
		},
		"gui": {
			"rotation": [0, 90, 0],
			"translation": [0, 3, 0]
		},
		"head": {
			"rotation": [0, -90, 0],
			"translation": [0, 9.25, 0]
		},
		"fixed": {
			"rotation": [0, -90, 0],
			"translation": [0, 3.5, 0]
		}
	},
	"groups": [
		{
			"name": "right_arm",
			"origin": [5, 22, 0],
			"color": 2,
			"children": [0, 1, 2, 3, 4, 5, 6, 7, 8, 9, 10, 11, 12, 13, 14, 15, 16, 17, 18, 19, 20, 21, 22, 23]
		}
	]
}