{
	"format_version": "1.9.0",
	"credit": "Made with Blockbench",
	"textures": {
		"0": "timewalker:item/energy_dagger",
		"particle": "timewalker:item/energy_dagger"
	},
	"elements": [
		{
			"from": [6, 0, 8],
			"to": [10, 1, 9],
			"rotation": {"angle": 0, "axis": "y", "origin": [6, 0, 8]},
			"faces": {
				"north": {"uv": [6, 4, 10, 5], "texture": "#0"},
				"east": {"uv": [12, 11, 13, 12], "texture": "#0"},
				"south": {"uv": [6, 5, 10, 6], "texture": "#0"},
				"west": {"uv": [12, 12, 13, 13], "texture": "#0"},
				"up": {"uv": [10, 7, 6, 6], "texture": "#0"},
				"down": {"uv": [10, 7, 6, 8], "texture": "#0"}
			}
		},
		{
			"from": [6, 3, 8],
			"to": [10, 4, 9],
			"rotation": {"angle": 0, "axis": "y", "origin": [6, 3, 8]},
			"faces": {
				"north": {"uv": [8, 0, 12, 1], "texture": "#0"},
				"east": {"uv": [13, 0, 14, 1], "texture": "#0"},
				"south": {"uv": [8, 1, 12, 2], "texture": "#0"},
				"west": {"uv": [13, 1, 14, 2], "texture": "#0"},
				"up": {"uv": [12, 3, 8, 2], "texture": "#0"},
				"down": {"uv": [12, 3, 8, 4], "texture": "#0"}
			}
		},
		{
			"from": [6, 4, 8],
			"to": [10, 6, 9],
			"rotation": {"angle": 0, "axis": "y", "origin": [6, 4, 8]},
			"faces": {
				"north": {"uv": [4, 0, 8, 2], "texture": "#0"},
				"east": {"uv": [12, 6, 13, 8], "texture": "#0"},
				"south": {"uv": [4, 2, 8, 4], "texture": "#0"},
				"west": {"uv": [7, 12, 8, 14], "texture": "#0"},
				"up": {"uv": [14, 5, 10, 4], "texture": "#0"},
				"down": {"uv": [14, 5, 10, 6], "texture": "#0"}
			}
		},
		{
			"from": [8, 6, 8],
			"to": [10, 12, 9],
			"rotation": {"angle": 0, "axis": "y", "origin": [6, 5, 8]},
			"faces": {
				"north": {"uv": [0, 0, 2, 6], "texture": "#0"},
				"east": {"uv": [2, 6, 3, 12], "texture": "#0"},
				"south": {"uv": [2, 0, 4, 6], "texture": "#0"},
				"west": {"uv": [3, 6, 4, 12], "texture": "#0"},
				"up": {"uv": [14, 4, 12, 3], "texture": "#0"},
				"down": {"uv": [10, 12, 8, 13], "texture": "#0"}
			}
		},
		{
			"from": [10.25, 10.75, 8],
			"to": [12.25, 14.75, 9],
			"rotation": {"angle": 22.5, "axis": "z", "origin": [8.25, 5.75, 8]},
			"faces": {
				"north": {"uv": [4, 4, 6, 8], "texture": "#0"},
				"east": {"uv": [10, 6, 11, 10], "texture": "#0"},
				"south": {"uv": [0, 6, 2, 10], "texture": "#0"},
				"west": {"uv": [10, 10, 11, 14], "texture": "#0"},
				"up": {"uv": [14, 9, 12, 8], "texture": "#0"},
				"down": {"uv": [14, 9, 12, 10], "texture": "#0"}
			}
		},
		{
			"from": [6, 6, 8],
			"to": [7, 9, 9],
			"rotation": {"angle": 0, "axis": "z", "origin": [3, 6, 8]},
			"faces": {
				"north": {"uv": [3, 12, 4, 15], "texture": "#0"},
				"east": {"uv": [4, 12, 5, 15], "texture": "#0"},
				"south": {"uv": [5, 12, 6, 15], "texture": "#0"},
				"west": {"uv": [6, 12, 7, 15], "texture": "#0"},
				"up": {"uv": [10, 14, 9, 13], "texture": "#0"},
				"down": {"uv": [14, 10, 13, 11], "texture": "#0"}
			}
		},
		{
			"from": [5.75, 13.25, 8],
			"to": [6.75, 16.25, 9],
			"rotation": {"angle": -22.5, "axis": "z", "origin": [2.75, 13.25, 8]},
			"faces": {
				"north": {"uv": [11, 6, 12, 9], "texture": "#0"},
				"east": {"uv": [11, 9, 12, 12], "texture": "#0"},
				"south": {"uv": [12, 0, 13, 3], "texture": "#0"},
				"west": {"uv": [2, 12, 3, 15], "texture": "#0"},
				"up": {"uv": [13, 11, 12, 10], "texture": "#0"},
				"down": {"uv": [12, 12, 11, 13], "texture": "#0"}
			}
		},
		{
			"from": [10, 0, 8],
			"to": [11, 4, 9],
			"rotation": {"angle": 0, "axis": "y", "origin": [7, 3, 8]},
			"faces": {
				"north": {"uv": [4, 8, 5, 12], "texture": "#0"},
				"east": {"uv": [5, 8, 6, 12], "texture": "#0"},
				"south": {"uv": [6, 8, 7, 12], "texture": "#0"},
				"west": {"uv": [7, 8, 8, 12], "texture": "#0"},
				"up": {"uv": [14, 3, 13, 2], "texture": "#0"},
				"down": {"uv": [14, 6, 13, 7], "texture": "#0"}
			}
		},
		{
			"from": [5, 0, 8],
			"to": [6, 4, 9],
			"rotation": {"angle": 0, "axis": "y", "origin": [2, 3, 8]},
			"faces": {
				"north": {"uv": [8, 8, 9, 12], "texture": "#0"},
				"east": {"uv": [9, 8, 10, 12], "texture": "#0"},
				"south": {"uv": [0, 10, 1, 14], "texture": "#0"},
				"west": {"uv": [1, 10, 2, 14], "texture": "#0"},
				"up": {"uv": [14, 8, 13, 7], "texture": "#0"},
				"down": {"uv": [9, 13, 8, 14], "texture": "#0"}
			}
		}
	],
	"display": {
		"thirdperson_righthand": {
			"rotation": [-90, -90, 0],
			"translation": [0.5, -2, -5.5]
		}
	}
}