{
	"format_version": "1.9.0",
	"credit": "Made with Blockbench",
	"parent": "paradox_portal",
	"texture_size": [128, 128],
	"textures": {
		"2": "timewalker:item/paradox_portal",
		"particle": "timewalker:item/paradox_portal"
	},
	"elements": [
		{
			"from": [-16, -16, 0],
			"to": [32, 32, 0.25],
			"faces": {
				"north": {"uv": [0, 0, 6, 6], "texture": "#2"},
				"east": {"uv": [6, 0, 6.125, 6], "texture": "#2"},
				"south": {"uv": [0, 6, 6, 12], "texture": "#2"},
				"west": {"uv": [6, 6, 6.125, 12], "texture": "#2"},
				"up": {"uv": [12.125, 0.125, 6.125, 0], "texture": "#2"},
				"down": {"uv": [12.125, 0.125, 6.125, 0.25], "texture": "#2"}
			}
		}
	],
	"display": {
		"head": {
			"translation": [0, -15, 24.5],
			"scale": [1.4, 1.4, 1.4]
		}
	}
}