{
  "type": "palladium:compound",
  "layers": [
    {
      "type": "geckolib:default",
      "model": {
        "normal": "timewalker:geo/chronian_omnitrix.geo.json",
        "slim": "timewalker:geo/chronian_omnitrix_slim.geo.json"
      },
      "animation_file": "alienevo:animations/omnitrix.animation.json",
      "animation_controller": [
        {
          "name": "spin",
          "transition_tick_time": 0,
          "triggers": {
            "scan_trigger": [
              {
                "type": "then_play_and_hold",
                "animation": "animation.prototype.scan"
              }
            ],
            "scan2_trigger": [
              {
                "type": "then_play_and_hold",
                "animation": "animation.prototype.scan2"
              }
            ],
            "spinl_trigger": [
              {
                "type": "then_play_and_hold",
                "animation": "animation.prototype.spinleft"
              }
            ],
            "spinr_trigger": [
              {
                "type": "then_play_and_hold",
                "animation": "animation.prototype.spinright"
              }
            ],
            "open_trigger": [
              {
                "type": "then_play_and_hold",
                "animation": "animation.prototype.open"
              }
            ],
            "close_trigger": [
              {
                "type": "then_play_and_hold",
                "animation": "animation.prototype.close"
              }
            ],
            "settings_trigger": [
              {
                "type": "then_play_and_hold",
                "animation": "animation.prototype.settings_open"
              }
            ],
            "settings_trigger_close": [
              {
                "type": "then_play_and_hold",
                "animation": "animation.prototype.settings_close"
              }
            ],
            "settings_trigger_right": [
              {
                "type": "then_play_and_hold",
                "animation": "animation.prototype.settings_spinright"
              }
            ],
            "code_right": [
              {
                "type": "then_play_and_hold",
                "animation": "animation.prototype.alt_spinright"
              }
            ],
            "code_left": [
              {
                "type": "then_play_and_hold",
                "animation": "animation.prototype.alt_spinleft"
              }
            ],
            "settings_trigger_left": [
              {
                "type": "then_play_and_hold",
                "animation": "animation.prototype.settings_spinleft"
              }
            ],
            "playlist_swap": [
              {
                "type": "then_play_and_hold",
                "animation": "animation.prototype.playlistchange"
              }
            ],
            "master_control": [
              {
                "type": "then_play_and_hold",
                "animation": "animation.prototype.unlock_master"
              }
            ]
          }
        }
      ],
      "texture": "timewalker:textures/models/chronian_omnitrix.png",
      "conditions": [
        {
          "type": "palladium:objective_score",
          "objective": "timewalker_scan",
          "min_score": 0,
          "max_score": 1
        }
      ]
    },
     {
      "type": "geckolib:default",
      "model": {
        "normal": "alienevo:geo/prototype_omnitrix_sil.geo.json",
        "slim": "alienevo:geo/prototype_omnitrix_slim_sil.geo.json"
      },
      "animation_file": "alienevo:animations/omnitrix.animation.json",
      "animation_controller": [
        {
          "name": "spin",
          "transition_tick_time": 0,
          "triggers": {
            "scan_trigger": [
              {
                "type": "then_play_and_hold",
                "animation": "animation.prototype.scan"
              }
            ],
            "scan2_trigger": [
              {
                "type": "then_play_and_hold",
                "animation": "animation.prototype.scan2"
              }
            ],
            "open_trigger": [
              {
                "type": "then_play_and_hold",
                "animation": "animation.prototype.open"
              }
            ],
            "close_trigger": [
              {
                "type": "then_play_and_hold",
                "animation": "animation.prototype.close"
              }
            ],
            "master_control": [
              {
                "type": "then_play_and_hold",
                "animation": "animation.prototype.unlock_master"
              }
            ]
          }
        }
      ],
      "texture": "alienevo:textures/models/sil/alien_143.png",
      "conditions": [
        {
          "type": "palladium:not",
          "conditions": [
            {
              "type": "palladium:or",
              "conditions": [
                {
                  "type": "palladium:objective_score",
                  "objective": "timewalker_scan",
                  "min_score": 2,
                  "max_score": 4
                }
                
              ]
            }
          ]
        }
      ]
    },
    {
      "type": "geckolib:default",
      "model": {
        "normal": "timewalker:geo/chronian_omnitrix.geo.json",
        "slim": "timewalker:geo/chronian_omnitrix_slim.geo.json"
      },
      "animation_file": "alienevo:animations/omnitrix.animation.json",
      "animation_controller": [
        {
          "name": "spin",
          "transition_tick_time": 0,
          "triggers": {
            "scan_trigger": [
              {
                "type": "then_play_and_hold",
                "animation": "animation.prototype.scan"
              }
            ],
            "scan2_trigger": [
              {
                "type": "then_play_and_hold",
                "animation": "animation.prototype.scan2"
              }
            ],
            "spinl_trigger": [
              {
                "type": "then_play_and_hold",
                "animation": "animation.prototype.spinleft"
              }
            ],
            "spinr_trigger": [
              {
                "type": "then_play_and_hold",
                "animation": "animation.prototype.spinright"
              }
            ],
            "open_trigger": [
              {
                "type": "then_play_and_hold",
                "animation": "animation.prototype.open"
              }
            ],
            "close_trigger": [
              {
                "type": "then_play_and_hold",
                "animation": "animation.prototype.close"
              }
            ],
            "settings_trigger": [
              {
                "type": "then_play_and_hold",
                "animation": "animation.prototype.settings_open"
              }
            ],
            "settings_trigger_close": [
              {
                "type": "then_play_and_hold",
                "animation": "animation.prototype.settings_close"
              }
            ],
            "settings_trigger_right": [
              {
                "type": "then_play_and_hold",
                "animation": "animation.prototype.settings_spinright"
              }
            ],
            "code_right": [
              {
                "type": "then_play_and_hold",
                "animation": "animation.prototype.alt_spinright"
              }
            ],
            "code_left": [
              {
                "type": "then_play_and_hold",
                "animation": "animation.prototype.alt_spinleft"
              }
            ],
            "settings_trigger_left": [
              {
                "type": "then_play_and_hold",
                "animation": "animation.prototype.settings_spinleft"
              }
            ],
            "playlist_swap": [
              {
                "type": "then_play_and_hold",
                "animation": "animation.prototype.playlistchange"
              }
            ],
            "master_control": [
              {
                "type": "then_play_and_hold",
                "animation": "animation.prototype.unlock_master"
              }
            ]
          }
        }
      ],
      "texture": "timewalker:textures/models/glow_scan.png",
        "render_type": "glow",
      "conditions": [
        {
          "type": "palladium:objective_score",
          "objective": "timewalker_scan",
          "min_score": 0,
          "max_score": 1
        },
        {
          "type": "palladium:not",
          "conditions": [
            {
              "type": "palladium:or",
              "conditions": [
              ]
            }
          ]
        }
      ]
    }
    
  ]
}