{
	"format_version": "1.9.0",
	"credit": "Made with Blockbench",
	"texture_size": [64, 64],
	"textures": {
		"0": "timewalker:block/hands_of_armageddon",
		"particle": "timewalker:block/hands_of_armageddon"
	},
	"elements": [
		{
			"from": [2.6, 1.4, 5.6],
			"to": [13.4, 5, 11],
			"rotation": {"angle": 0, "axis": "y", "origin": [8, 15.8, 5.6]},
			"faces": {
				"north": {"uv": [5, 6.75, 6.5, 7.25], "texture": "#0"},
				"east": {"uv": [6, 0.75, 6.75, 1.25], "texture": "#0"},
				"south": {"uv": [6.5, 6.75, 8, 7.25], "texture": "#0"},
				"west": {"uv": [11, 6.5, 11.75, 7], "texture": "#0"},
				"up": {"uv": [3, 0.75, 1.5, 0], "texture": "#0"},
				"down": {"uv": [3, 0.75, 1.5, 1.5], "texture": "#0"}
			}
		},
		{
			"from": [2.6, 1.4, 5.6],
			"to": [13.4, 5, 11],
			"rotation": {"angle": -22.5, "axis": "z", "origin": [8, 15.8, 5.6]},
			"faces": {
				"north": {"uv": [7, 3.75, 8.5, 4.25], "texture": "#0"},
				"east": {"uv": [11.25, 2, 12, 2.5], "texture": "#0"},
				"south": {"uv": [7, 4.25, 8.5, 4.75], "texture": "#0"},
				"west": {"uv": [11.25, 9.5, 12, 10], "texture": "#0"},
				"up": {"uv": [3, 2.25, 1.5, 1.5], "texture": "#0"},
				"down": {"uv": [3, 2.25, 1.5, 3], "texture": "#0"}
			}
		},
		{
			"from": [2.6, 1.4, 5.6],
			"to": [13.4, 5, 11],
			"rotation": {"angle": -45, "axis": "z", "origin": [8, 15.8, 5.6]},
			"faces": {
				"north": {"uv": [7, 4.75, 8.5, 5.25], "texture": "#0"},
				"east": {"uv": [3, 11.5, 3.75, 12], "texture": "#0"},
				"south": {"uv": [7, 5.25, 8.5, 5.75], "texture": "#0"},
				"west": {"uv": [11.5, 3.5, 12.25, 4], "texture": "#0"},
				"up": {"uv": [1.5, 3.75, 0, 3], "texture": "#0"},
				"down": {"uv": [4.5, 0, 3, 0.75], "texture": "#0"}
			}
		},
		{
			"from": [-6.4, 10.4, 5.6],
			"to": [-2.8, 21.2, 11],
			"rotation": {"angle": 22.5, "axis": "z", "origin": [8, 15.8, 5.6]},
			"faces": {
				"north": {"uv": [2.75, 7, 3.25, 8.5], "texture": "#0"},
				"east": {"uv": [3, 0.75, 3.75, 2.25], "texture": "#0"},
				"south": {"uv": [3.25, 7, 3.75, 8.5], "texture": "#0"},
				"west": {"uv": [1.5, 3, 2.25, 4.5], "texture": "#0"},
				"up": {"uv": [4.5, 6.75, 4, 6], "texture": "#0"},
				"down": {"uv": [7.5, 10.75, 7, 11.5], "texture": "#0"}
			}
		},
		{
			"from": [2.6, 26.6, 5.6],
			"to": [13.4, 30.2, 11],
			"rotation": {"angle": 22.5, "axis": "z", "origin": [8, 15.8, 5.6]},
			"faces": {
				"north": {"uv": [7, 5.75, 8.5, 6.25], "texture": "#0"},
				"east": {"uv": [3.75, 11.5, 4.5, 12], "texture": "#0"},
				"south": {"uv": [7, 6.25, 8.5, 6.75], "texture": "#0"},
				"west": {"uv": [11.5, 4, 12.25, 4.5], "texture": "#0"},
				"up": {"uv": [3.75, 3.75, 2.25, 3], "texture": "#0"},
				"down": {"uv": [4.5, 2.25, 3, 3], "texture": "#0"}
			}
		},
		{
			"from": [-6.4, 10.4, 5.6],
			"to": [-2.8, 21.2, 11],
			"rotation": {"angle": 0, "axis": "y", "origin": [8, 15.8, 5.6]},
			"faces": {
				"north": {"uv": [5, 7.25, 5.5, 8.75], "texture": "#0"},
				"east": {"uv": [0, 3.75, 0.75, 5.25], "texture": "#0"},
				"south": {"uv": [5.5, 7.25, 6, 8.75], "texture": "#0"},
				"west": {"uv": [0.75, 3.75, 1.5, 5.25], "texture": "#0"},
				"up": {"uv": [12, 5.25, 11.5, 4.5], "texture": "#0"},
				"down": {"uv": [12, 5.25, 11.5, 6], "texture": "#0"}
			}
		},
		{
			"from": [-6.4, 10.4, 5.6],
			"to": [-2.8, 21.2, 11],
			"rotation": {"angle": -22.5, "axis": "z", "origin": [8, 15.8, 5.6]},
			"faces": {
				"north": {"uv": [6, 7.25, 6.5, 8.75], "texture": "#0"},
				"east": {"uv": [3.75, 0.75, 4.5, 2.25], "texture": "#0"},
				"south": {"uv": [6.5, 7.25, 7, 8.75], "texture": "#0"},
				"west": {"uv": [2.25, 3.75, 3, 5.25], "texture": "#0"},
				"up": {"uv": [6.5, 12.25, 6, 11.5], "texture": "#0"},
				"down": {"uv": [7, 11.5, 6.5, 12.25], "texture": "#0"}
			}
		},
		{
			"from": [2.6, 26.6, 5.6],
			"to": [13.4, 30.2, 11],
			"rotation": {"angle": 45, "axis": "z", "origin": [8, 15.8, 5.6]},
			"faces": {
				"north": {"uv": [7, 7.25, 8.5, 7.75], "texture": "#0"},
				"east": {"uv": [11.5, 6, 12.25, 6.5], "texture": "#0"},
				"south": {"uv": [7.5, 0, 9, 0.5], "texture": "#0"},
				"west": {"uv": [11.5, 7, 12.25, 7.5], "texture": "#0"},
				"up": {"uv": [4.5, 4.5, 3, 3.75], "texture": "#0"},
				"down": {"uv": [5.25, 3, 3.75, 3.75], "texture": "#0"}
			}
		},
		{
			"from": [2.6, 1.4, 5.6],
			"to": [13.4, 5, 11],
			"rotation": {"angle": 22.5, "axis": "z", "origin": [8, 15.8, 5.6]},
			"faces": {
				"north": {"uv": [0, 7.75, 1.5, 8.25], "texture": "#0"},
				"east": {"uv": [11.5, 7.5, 12.25, 8], "texture": "#0"},
				"south": {"uv": [7.75, 0.5, 9.25, 1], "texture": "#0"},
				"west": {"uv": [11.5, 8, 12.25, 8.5], "texture": "#0"},
				"up": {"uv": [6, 0.75, 4.5, 0], "texture": "#0"},
				"down": {"uv": [6, 0.75, 4.5, 1.5], "texture": "#0"}
			}
		},
		{
			"from": [18.8, 10.4, 5.6],
			"to": [22.4, 21.2, 11],
			"rotation": {"angle": 0, "axis": "y", "origin": [8, 15.8, 5.6]},
			"faces": {
				"north": {"uv": [7.75, 1, 8.25, 2.5], "texture": "#0"},
				"east": {"uv": [1.5, 4.5, 2.25, 6], "texture": "#0"},
				"south": {"uv": [1.5, 7.75, 2, 9.25], "texture": "#0"},
				"west": {"uv": [4.5, 1.5, 5.25, 3], "texture": "#0"},
				"up": {"uv": [7.5, 12.25, 7, 11.5], "texture": "#0"},
				"down": {"uv": [12, 8.5, 11.5, 9.25], "texture": "#0"}
			}
		},
		{
			"from": [18.8, 10.4, 5.6],
			"to": [22.4, 21.2, 11],
			"rotation": {"angle": -22.5, "axis": "z", "origin": [8, 15.8, 5.6]},
			"faces": {
				"north": {"uv": [2, 7.75, 2.5, 9.25], "texture": "#0"},
				"east": {"uv": [3, 4.5, 3.75, 6], "texture": "#0"},
				"south": {"uv": [3.75, 7.75, 4.25, 9.25], "texture": "#0"},
				"west": {"uv": [3.75, 4.5, 4.5, 6], "texture": "#0"},
				"up": {"uv": [0.5, 12.5, 0, 11.75], "texture": "#0"},
				"down": {"uv": [1, 11.75, 0.5, 12.5], "texture": "#0"}
			}
		},
		{
			"from": [2.6, 1.4, 5.6],
			"to": [13.4, 5, 11],
			"rotation": {"angle": 45, "axis": "z", "origin": [8, 15.8, 5.6]},
			"faces": {
				"north": {"uv": [7.75, 2.5, 9.25, 3], "texture": "#0"},
				"east": {"uv": [4.5, 11.75, 5.25, 12.25], "texture": "#0"},
				"south": {"uv": [7.75, 3, 9.25, 3.5], "texture": "#0"},
				"west": {"uv": [5.25, 11.75, 6, 12.25], "texture": "#0"},
				"up": {"uv": [6, 4.5, 4.5, 3.75], "texture": "#0"},
				"down": {"uv": [6, 4.5, 4.5, 5.25], "texture": "#0"}
			}
		},
		{
			"from": [2.6, 26.6, 5.6],
			"to": [13.4, 30.2, 11],
			"rotation": {"angle": 0, "axis": "y", "origin": [8, 15.8, 5.6]},
			"faces": {
				"north": {"uv": [7, 7.75, 8.5, 8.25], "texture": "#0"},
				"east": {"uv": [11.75, 6.5, 12.5, 7], "texture": "#0"},
				"south": {"uv": [8, 6.75, 9.5, 7.25], "texture": "#0"},
				"west": {"uv": [7.5, 11.75, 8.25, 12.25], "texture": "#0"},
				"up": {"uv": [1.5, 6, 0, 5.25], "texture": "#0"},
				"down": {"uv": [6.75, 1.5, 5.25, 2.25], "texture": "#0"}
			}
		},
		{
			"from": [2.6, 26.6, 5.6],
			"to": [13.4, 30.2, 11],
			"rotation": {"angle": -22.5, "axis": "z", "origin": [8, 15.8, 5.6]},
			"faces": {
				"north": {"uv": [0, 8.25, 1.5, 8.75], "texture": "#0"},
				"east": {"uv": [8.25, 11.75, 9, 12.25], "texture": "#0"},
				"south": {"uv": [8.25, 1, 9.75, 1.5], "texture": "#0"},
				"west": {"uv": [9, 11.75, 9.75, 12.25], "texture": "#0"},
				"up": {"uv": [6.75, 3, 5.25, 2.25], "texture": "#0"},
				"down": {"uv": [6.75, 3, 5.25, 3.75], "texture": "#0"}
			}
		},
		{
			"from": [18.8, 10.4, 5.6],
			"to": [22.4, 21.2, 11],
			"rotation": {"angle": 45, "axis": "z", "origin": [8, 15.8, 5.6]},
			"faces": {
				"north": {"uv": [4.25, 7.75, 4.75, 9.25], "texture": "#0"},
				"east": {"uv": [2.25, 5.25, 3, 6.75], "texture": "#0"},
				"south": {"uv": [7, 8.25, 7.5, 9.75], "texture": "#0"},
				"west": {"uv": [4.5, 5.25, 5.25, 6.75], "texture": "#0"},
				"up": {"uv": [1.5, 12.5, 1, 11.75], "texture": "#0"},
				"down": {"uv": [10.25, 11.75, 9.75, 12.5], "texture": "#0"}
			}
		},
		{
			"from": [18.8, 10.4, 5.6],
			"to": [22.4, 21.2, 11],
			"rotation": {"angle": 22.5, "axis": "z", "origin": [8, 15.8, 5.6]},
			"faces": {
				"north": {"uv": [7.5, 8.25, 8, 9.75], "texture": "#0"},
				"east": {"uv": [5.25, 5.25, 6, 6.75], "texture": "#0"},
				"south": {"uv": [8, 8.25, 8.5, 9.75], "texture": "#0"},
				"west": {"uv": [0, 6, 0.75, 7.5], "texture": "#0"},
				"up": {"uv": [10.75, 12.5, 10.25, 11.75], "texture": "#0"},
				"down": {"uv": [12.25, 11, 11.75, 11.75], "texture": "#0"}
			}
		},
		{
			"from": [2.6, 1.4, 5.6],
			"to": [13.4, 5, 11],
			"rotation": {"angle": 0, "axis": "y", "origin": [8, 15.8, 5.6]},
			"faces": {
				"north": {"uv": [8.25, 1.5, 9.75, 2], "texture": "#0"},
				"east": {"uv": [11.75, 11.75, 12.5, 12.25], "texture": "#0"},
				"south": {"uv": [8.25, 2, 9.75, 2.5], "texture": "#0"},
				"west": {"uv": [12, 0, 12.75, 0.5], "texture": "#0"},
				"up": {"uv": [7.5, 0.75, 6, 0], "texture": "#0"},
				"down": {"uv": [2.25, 6, 0.75, 6.75], "texture": "#0"}
			}
		},
		{
			"from": [2.6, 5, 7.4],
			"to": [13.4, 8.6, 11],
			"rotation": {"angle": 0, "axis": "y", "origin": [8, 15.8, 7.4]},
			"faces": {
				"north": {"uv": [8.5, 3.5, 10, 4], "texture": "#0"},
				"east": {"uv": [12, 1, 12.5, 1.5], "texture": "#0"},
				"south": {"uv": [8.5, 4, 10, 4.5], "texture": "#0"},
				"west": {"uv": [12, 1.5, 12.5, 2], "texture": "#0"},
				"up": {"uv": [10, 5, 8.5, 4.5], "texture": "#0"},
				"down": {"uv": [10, 5, 8.5, 5.5], "texture": "#0"}
			}
		},
		{
			"from": [2.6, 5, 7.4],
			"to": [13.4, 8.6, 11],
			"rotation": {"angle": 22.5, "axis": "z", "origin": [8, 15.8, 7.4]},
			"faces": {
				"north": {"uv": [8.5, 5.5, 10, 6], "texture": "#0"},
				"east": {"uv": [12, 2, 12.5, 2.5], "texture": "#0"},
				"south": {"uv": [8.5, 6, 10, 6.5], "texture": "#0"},
				"west": {"uv": [3, 12, 3.5, 12.5], "texture": "#0"},
				"up": {"uv": [10, 7.75, 8.5, 7.25], "texture": "#0"},
				"down": {"uv": [10, 7.75, 8.5, 8.25], "texture": "#0"}
			}
		},
		{
			"from": [15.2, 10.4, 7.4],
			"to": [18.8, 21.2, 11],
			"rotation": {"angle": 0, "axis": "y", "origin": [8, 15.8, 7.4]},
			"faces": {
				"north": {"uv": [2.5, 8.5, 3, 10], "texture": "#0"},
				"east": {"uv": [3, 8.5, 3.5, 10], "texture": "#0"},
				"south": {"uv": [8.5, 8.25, 9, 9.75], "texture": "#0"},
				"west": {"uv": [0, 8.75, 0.5, 10.25], "texture": "#0"},
				"up": {"uv": [4, 12.5, 3.5, 12], "texture": "#0"},
				"down": {"uv": [4.5, 12, 4, 12.5], "texture": "#0"}
			}
		},
		{
			"from": [15.2, 10.4, 7.4],
			"to": [18.8, 21.2, 11],
			"rotation": {"angle": -22.5, "axis": "z", "origin": [8, 15.8, 7.4]},
			"faces": {
				"north": {"uv": [0.5, 8.75, 1, 10.25], "texture": "#0"},
				"east": {"uv": [1, 8.75, 1.5, 10.25], "texture": "#0"},
				"south": {"uv": [4.75, 8.75, 5.25, 10.25], "texture": "#0"},
				"west": {"uv": [5.25, 8.75, 5.75, 10.25], "texture": "#0"},
				"up": {"uv": [12.5, 5, 12, 4.5], "texture": "#0"},
				"down": {"uv": [12.5, 5, 12, 5.5], "texture": "#0"}
			}
		},
		{
			"from": [15.2, 10.4, 7.4],
			"to": [18.8, 21.2, 11],
			"rotation": {"angle": -45, "axis": "z", "origin": [8, 15.8, 7.4]},
			"faces": {
				"north": {"uv": [5.75, 8.75, 6.25, 10.25], "texture": "#0"},
				"east": {"uv": [6.25, 8.75, 6.75, 10.25], "texture": "#0"},
				"south": {"uv": [9, 8.25, 9.5, 9.75], "texture": "#0"},
				"west": {"uv": [1.5, 9.25, 2, 10.75], "texture": "#0"},
				"up": {"uv": [12.5, 6, 12, 5.5], "texture": "#0"},
				"down": {"uv": [12.5, 8.5, 12, 9], "texture": "#0"}
			}
		},
		{
			"from": [15.2, 10.4, 7.4],
			"to": [18.8, 21.2, 11],
			"rotation": {"angle": 22.5, "axis": "z", "origin": [8, 15.8, 7.4]},
			"faces": {
				"north": {"uv": [2, 9.25, 2.5, 10.75], "texture": "#0"},
				"east": {"uv": [3.5, 9.25, 4, 10.75], "texture": "#0"},
				"south": {"uv": [4, 9.25, 4.5, 10.75], "texture": "#0"},
				"west": {"uv": [9.5, 8.25, 10, 9.75], "texture": "#0"},
				"up": {"uv": [12.5, 9.5, 12, 9], "texture": "#0"},
				"down": {"uv": [12.5, 9.5, 12, 10], "texture": "#0"}
			}
		},
		{
			"from": [2.6, 23, 7.4],
			"to": [13.4, 26.6, 11],
			"rotation": {"angle": -45, "axis": "z", "origin": [8, 15.8, 7.4]},
			"faces": {
				"north": {"uv": [9, 0, 10.5, 0.5], "texture": "#0"},
				"east": {"uv": [12, 10, 12.5, 10.5], "texture": "#0"},
				"south": {"uv": [9.25, 0.5, 10.75, 1], "texture": "#0"},
				"west": {"uv": [12, 10.5, 12.5, 11], "texture": "#0"},
				"up": {"uv": [10.75, 3, 9.25, 2.5], "texture": "#0"},
				"down": {"uv": [10.75, 3, 9.25, 3.5], "texture": "#0"}
			}
		},
		{
			"from": [2.6, 23, 7.4],
			"to": [13.4, 26.6, 11],
			"rotation": {"angle": -22.5, "axis": "z", "origin": [8, 15.8, 7.4]},
			"faces": {
				"north": {"uv": [9.5, 6.5, 11, 7], "texture": "#0"},
				"east": {"uv": [10.75, 12, 11.25, 12.5], "texture": "#0"},
				"south": {"uv": [9.75, 1, 11.25, 1.5], "texture": "#0"},
				"west": {"uv": [11.25, 12, 11.75, 12.5], "texture": "#0"},
				"up": {"uv": [11.25, 2, 9.75, 1.5], "texture": "#0"},
				"down": {"uv": [11.25, 2, 9.75, 2.5], "texture": "#0"}
			}
		},
		{
			"from": [2.6, 23, 7.4],
			"to": [13.4, 26.6, 11],
			"rotation": {"angle": 0, "axis": "y", "origin": [8, 15.8, 7.4]},
			"faces": {
				"north": {"uv": [6.75, 9.75, 8.25, 10.25], "texture": "#0"},
				"east": {"uv": [12.25, 0.5, 12.75, 1], "texture": "#0"},
				"south": {"uv": [8.25, 9.75, 9.75, 10.25], "texture": "#0"},
				"west": {"uv": [12.25, 2.5, 12.75, 3], "texture": "#0"},
				"up": {"uv": [11.25, 10.25, 9.75, 9.75], "texture": "#0"},
				"down": {"uv": [11.5, 3.5, 10, 4], "texture": "#0"}
			}
		},
		{
			"from": [2.6, 5, 7.4],
			"to": [13.4, 8.6, 11],
			"rotation": {"angle": -22.5, "axis": "z", "origin": [8, 15.8, 7.4]},
			"faces": {
				"north": {"uv": [10, 4, 11.5, 4.5], "texture": "#0"},
				"east": {"uv": [12.25, 3, 12.75, 3.5], "texture": "#0"},
				"south": {"uv": [10, 4.5, 11.5, 5], "texture": "#0"},
				"west": {"uv": [12.25, 3.5, 12.75, 4], "texture": "#0"},
				"up": {"uv": [11.5, 5.5, 10, 5], "texture": "#0"},
				"down": {"uv": [11.5, 5.5, 10, 6], "texture": "#0"}
			}
		},
		{
			"from": [2.6, 5, 7.4],
			"to": [13.4, 8.6, 11],
			"rotation": {"angle": -45, "axis": "z", "origin": [8, 15.8, 7.4]},
			"faces": {
				"north": {"uv": [10, 6, 11.5, 6.5], "texture": "#0"},
				"east": {"uv": [12.25, 4, 12.75, 4.5], "texture": "#0"},
				"south": {"uv": [10, 7, 11.5, 7.5], "texture": "#0"},
				"west": {"uv": [4.5, 12.25, 5, 12.75], "texture": "#0"},
				"up": {"uv": [11.5, 8, 10, 7.5], "texture": "#0"},
				"down": {"uv": [11.5, 8, 10, 8.5], "texture": "#0"}
			}
		},
		{
			"from": [-2.8, 10.4, 7.4],
			"to": [0.8, 21.2, 11],
			"rotation": {"angle": 22.5, "axis": "z", "origin": [8, 15.8, 7.4]},
			"faces": {
				"north": {"uv": [2.5, 10, 3, 11.5], "texture": "#0"},
				"east": {"uv": [3, 10, 3.5, 11.5], "texture": "#0"},
				"south": {"uv": [0, 10.25, 0.5, 11.75], "texture": "#0"},
				"west": {"uv": [0.5, 10.25, 1, 11.75], "texture": "#0"},
				"up": {"uv": [5.5, 12.75, 5, 12.25], "texture": "#0"},
				"down": {"uv": [6, 12.25, 5.5, 12.75], "texture": "#0"}
			}
		},
		{
			"from": [2.6, 23, 7.4],
			"to": [13.4, 26.6, 11],
			"rotation": {"angle": 45, "axis": "z", "origin": [8, 15.8, 7.4]},
			"faces": {
				"north": {"uv": [10, 8.5, 11.5, 9], "texture": "#0"},
				"east": {"uv": [6, 12.25, 6.5, 12.75], "texture": "#0"},
				"south": {"uv": [10, 9, 11.5, 9.5], "texture": "#0"},
				"west": {"uv": [12.25, 6, 12.75, 6.5], "texture": "#0"},
				"up": {"uv": [6, 10.75, 4.5, 10.25], "texture": "#0"},
				"down": {"uv": [7.5, 10.25, 6, 10.75], "texture": "#0"}
			}
		},
		{
			"from": [-2.8, 10.4, 7.4],
			"to": [0.8, 21.2, 11],
			"rotation": {"angle": -22.5, "axis": "z", "origin": [8, 15.8, 7.4]},
			"faces": {
				"north": {"uv": [1, 10.25, 1.5, 11.75], "texture": "#0"},
				"east": {"uv": [7.5, 10.25, 8, 11.75], "texture": "#0"},
				"south": {"uv": [8, 10.25, 8.5, 11.75], "texture": "#0"},
				"west": {"uv": [8.5, 10.25, 9, 11.75], "texture": "#0"},
				"up": {"uv": [7, 12.75, 6.5, 12.25], "texture": "#0"},
				"down": {"uv": [7.5, 12.25, 7, 12.75], "texture": "#0"}
			}
		},
		{
			"from": [-2.8, 10.4, 7.4],
			"to": [0.8, 21.2, 11],
			"rotation": {"angle": 0, "axis": "y", "origin": [8, 15.8, 7.4]},
			"faces": {
				"north": {"uv": [9, 10.25, 9.5, 11.75], "texture": "#0"},
				"east": {"uv": [9.5, 10.25, 10, 11.75], "texture": "#0"},
				"south": {"uv": [10, 10.25, 10.5, 11.75], "texture": "#0"},
				"west": {"uv": [10.5, 10.25, 11, 11.75], "texture": "#0"},
				"up": {"uv": [12.75, 7.5, 12.25, 7], "texture": "#0"},
				"down": {"uv": [8, 12.25, 7.5, 12.75], "texture": "#0"}
			}
		},
		{
			"from": [2.6, 23, 7.4],
			"to": [13.4, 26.6, 11],
			"rotation": {"angle": 22.5, "axis": "z", "origin": [8, 15.8, 7.4]},
			"faces": {
				"north": {"uv": [10.5, 0, 12, 0.5], "texture": "#0"},
				"east": {"uv": [12.25, 7.5, 12.75, 8], "texture": "#0"},
				"south": {"uv": [10.75, 0.5, 12.25, 1], "texture": "#0"},
				"west": {"uv": [8, 12.25, 8.5, 12.75], "texture": "#0"},
				"up": {"uv": [12.25, 3, 10.75, 2.5], "texture": "#0"},
				"down": {"uv": [12.25, 3, 10.75, 3.5], "texture": "#0"}
			}
		},
		{
			"from": [4.4, 8.6, 9.2],
			"to": [11.6, 10.4, 11],
			"rotation": {"angle": 0, "axis": "y", "origin": [8, 15.8, 9.2]},
			"faces": {
				"north": {"uv": [8.5, 6.5, 9.5, 6.75], "texture": "#0"},
				"east": {"uv": [2.75, 6.75, 3, 7], "texture": "#0"},
				"south": {"uv": [10, 9.5, 11, 9.75], "texture": "#0"},
				"west": {"uv": [7.5, 0.5, 7.75, 0.75], "texture": "#0"},
				"up": {"uv": [13.25, 8.25, 12.25, 8], "texture": "#0"},
				"down": {"uv": [13.25, 8.25, 12.25, 8.5], "texture": "#0"}
			}
		},
		{
			"from": [4.4, 8.6, 9.2],
			"to": [11.6, 10.4, 11],
			"rotation": {"angle": -22.5, "axis": "z", "origin": [8, 15.8, 9.2]},
			"faces": {
				"north": {"uv": [8.5, 12.25, 9.5, 12.5], "texture": "#0"},
				"east": {"uv": [11, 9.5, 11.25, 9.75], "texture": "#0"},
				"south": {"uv": [12.25, 11, 13.25, 11.25], "texture": "#0"},
				"west": {"uv": [10.75, 11.75, 11, 12], "texture": "#0"},
				"up": {"uv": [13.25, 11.5, 12.25, 11.25], "texture": "#0"},
				"down": {"uv": [13.25, 11.5, 12.25, 11.75], "texture": "#0"}
			}
		},
		{
			"from": [4.4, 8.6, 9.2],
			"to": [11.6, 10.4, 11],
			"rotation": {"angle": -45, "axis": "z", "origin": [8, 15.8, 9.2]},
			"faces": {
				"north": {"uv": [11.75, 12.25, 12.75, 12.5], "texture": "#0"},
				"east": {"uv": [3, 13.5, 3.25, 13.75], "texture": "#0"},
				"south": {"uv": [0, 12.5, 1, 12.75], "texture": "#0"},
				"west": {"uv": [3.25, 13.5, 3.5, 13.75], "texture": "#0"},
				"up": {"uv": [2, 12.75, 1, 12.5], "texture": "#0"},
				"down": {"uv": [13.5, 1, 12.5, 1.25], "texture": "#0"}
			}
		},
		{
			"from": [0.8, 12.2, 9.2],
			"to": [2.6, 19.4, 11],
			"rotation": {"angle": 22.5, "axis": "z", "origin": [8, 15.8, 9.2]},
			"faces": {
				"north": {"uv": [4.75, 7.75, 5, 8.75], "texture": "#0"},
				"east": {"uv": [6.75, 8.75, 7, 9.75], "texture": "#0"},
				"south": {"uv": [4.5, 9.25, 4.75, 10.25], "texture": "#0"},
				"west": {"uv": [9.5, 12.25, 9.75, 13.25], "texture": "#0"},
				"up": {"uv": [3.75, 13.75, 3.5, 13.5], "texture": "#0"},
				"down": {"uv": [4, 13.5, 3.75, 13.75], "texture": "#0"}
			}
		},
		{
			"from": [4.4, 21.2, 9.2],
			"to": [11.6, 23, 11],
			"rotation": {"angle": 45, "axis": "z", "origin": [8, 15.8, 9.2]},
			"faces": {
				"north": {"uv": [12.5, 1.25, 13.5, 1.5], "texture": "#0"},
				"east": {"uv": [4, 13.5, 4.25, 13.75], "texture": "#0"},
				"south": {"uv": [12.5, 1.5, 13.5, 1.75], "texture": "#0"},
				"west": {"uv": [4.25, 13.5, 4.5, 13.75], "texture": "#0"},
				"up": {"uv": [13.5, 2, 12.5, 1.75], "texture": "#0"},
				"down": {"uv": [3, 12.5, 2, 12.75], "texture": "#0"}
			}
		},
		{
			"from": [0.8, 12.2, 9.2],
			"to": [2.6, 19.4, 11],
			"rotation": {"angle": -22.5, "axis": "z", "origin": [8, 15.8, 9.2]},
			"faces": {
				"north": {"uv": [3, 12.5, 3.25, 13.5], "texture": "#0"},
				"east": {"uv": [3.25, 12.5, 3.5, 13.5], "texture": "#0"},
				"south": {"uv": [3.5, 12.5, 3.75, 13.5], "texture": "#0"},
				"west": {"uv": [3.75, 12.5, 4, 13.5], "texture": "#0"},
				"up": {"uv": [13.75, 5.75, 13.5, 5.5], "texture": "#0"},
				"down": {"uv": [13.75, 5.75, 13.5, 6], "texture": "#0"}
			}
		},
		{
			"from": [0.8, 12.2, 9.2],
			"to": [2.6, 19.4, 11],
			"rotation": {"angle": 0, "axis": "y", "origin": [8, 15.8, 9.2]},
			"faces": {
				"north": {"uv": [4, 12.5, 4.25, 13.5], "texture": "#0"},
				"east": {"uv": [4.25, 12.5, 4.5, 13.5], "texture": "#0"},
				"south": {"uv": [12.5, 4.5, 12.75, 5.5], "texture": "#0"},
				"west": {"uv": [8.5, 12.5, 8.75, 13.5], "texture": "#0"},
				"up": {"uv": [13.75, 6.75, 13.5, 6.5], "texture": "#0"},
				"down": {"uv": [13.75, 6.75, 13.5, 7], "texture": "#0"}
			}
		},
		{
			"from": [4.4, 21.2, 9.2],
			"to": [11.6, 23, 11],
			"rotation": {"angle": 22.5, "axis": "z", "origin": [8, 15.8, 9.2]},
			"faces": {
				"north": {"uv": [12.5, 2, 13.5, 2.25], "texture": "#0"},
				"east": {"uv": [7.25, 13.5, 7.5, 13.75], "texture": "#0"},
				"south": {"uv": [12.5, 2.25, 13.5, 2.5], "texture": "#0"},
				"west": {"uv": [7.5, 13.5, 7.75, 13.75], "texture": "#0"},
				"up": {"uv": [13.5, 5.75, 12.5, 5.5], "texture": "#0"},
				"down": {"uv": [13.5, 5.75, 12.5, 6], "texture": "#0"}
			}
		},
		{
			"from": [13.4, 12.2, 9.2],
			"to": [15.2, 19.4, 11],
			"rotation": {"angle": 22.5, "axis": "z", "origin": [8, 15.8, 9.2]},
			"faces": {
				"north": {"uv": [12.5, 8.5, 12.75, 9.5], "texture": "#0"},
				"east": {"uv": [8.75, 12.5, 9, 13.5], "texture": "#0"},
				"south": {"uv": [9, 12.5, 9.25, 13.5], "texture": "#0"},
				"west": {"uv": [9.25, 12.5, 9.5, 13.5], "texture": "#0"},
				"up": {"uv": [8, 13.75, 7.75, 13.5], "texture": "#0"},
				"down": {"uv": [8.25, 13.5, 8, 13.75], "texture": "#0"}
			}
		},
		{
			"from": [4.4, 21.2, 9.2],
			"to": [11.6, 23, 11],
			"rotation": {"angle": -45, "axis": "z", "origin": [8, 15.8, 9.2]},
			"faces": {
				"north": {"uv": [12.5, 6.5, 13.5, 6.75], "texture": "#0"},
				"east": {"uv": [13.5, 8, 13.75, 8.25], "texture": "#0"},
				"south": {"uv": [12.5, 6.75, 13.5, 7], "texture": "#0"},
				"west": {"uv": [13.5, 8.25, 13.75, 8.5], "texture": "#0"},
				"up": {"uv": [13.5, 9.75, 12.5, 9.5], "texture": "#0"},
				"down": {"uv": [10.75, 12.5, 9.75, 12.75], "texture": "#0"}
			}
		},
		{
			"from": [4.4, 21.2, 9.2],
			"to": [11.6, 23, 11],
			"rotation": {"angle": -22.5, "axis": "z", "origin": [8, 15.8, 9.2]},
			"faces": {
				"north": {"uv": [12.5, 9.75, 13.5, 10], "texture": "#0"},
				"east": {"uv": [8.5, 13.5, 8.75, 13.75], "texture": "#0"},
				"south": {"uv": [12.5, 10, 13.5, 10.25], "texture": "#0"},
				"west": {"uv": [8.75, 13.5, 9, 13.75], "texture": "#0"},
				"up": {"uv": [13.5, 10.5, 12.5, 10.25], "texture": "#0"},
				"down": {"uv": [13.5, 10.5, 12.5, 10.75], "texture": "#0"}
			}
		},
		{
			"from": [4.4, 21.2, 9.2],
			"to": [11.6, 23, 11],
			"rotation": {"angle": 0, "axis": "y", "origin": [8, 15.8, 9.2]},
			"faces": {
				"north": {"uv": [10.75, 12.5, 11.75, 12.75], "texture": "#0"},
				"east": {"uv": [13.5, 8.75, 13.75, 9], "texture": "#0"},
				"south": {"uv": [12.5, 10.75, 13.5, 11], "texture": "#0"},
				"west": {"uv": [9, 13.5, 9.25, 13.75], "texture": "#0"},
				"up": {"uv": [12.75, 12.75, 11.75, 12.5], "texture": "#0"},
				"down": {"uv": [13.5, 11.75, 12.5, 12], "texture": "#0"}
			}
		},
		{
			"from": [13.4, 12.2, 9.2],
			"to": [15.2, 19.4, 11],
			"rotation": {"angle": -45, "axis": "z", "origin": [8, 15.8, 9.2]},
			"faces": {
				"north": {"uv": [0, 12.75, 0.25, 13.75], "texture": "#0"},
				"east": {"uv": [12.75, 0, 13, 1], "texture": "#0"},
				"south": {"uv": [0.25, 12.75, 0.5, 13.75], "texture": "#0"},
				"west": {"uv": [0.5, 12.75, 0.75, 13.75], "texture": "#0"},
				"up": {"uv": [13.75, 9.25, 13.5, 9], "texture": "#0"},
				"down": {"uv": [9.5, 13.5, 9.25, 13.75], "texture": "#0"}
			}
		},
		{
			"from": [13.4, 12.2, 9.2],
			"to": [15.2, 19.4, 11],
			"rotation": {"angle": -22.5, "axis": "z", "origin": [8, 15.8, 9.2]},
			"faces": {
				"north": {"uv": [0.75, 12.75, 1, 13.75], "texture": "#0"},
				"east": {"uv": [1, 12.75, 1.25, 13.75], "texture": "#0"},
				"south": {"uv": [1.25, 12.75, 1.5, 13.75], "texture": "#0"},
				"west": {"uv": [1.5, 12.75, 1.75, 13.75], "texture": "#0"},
				"up": {"uv": [13.75, 9.5, 13.5, 9.25], "texture": "#0"},
				"down": {"uv": [9.75, 13.5, 9.5, 13.75], "texture": "#0"}
			}
		},
		{
			"from": [13.4, 12.2, 9.2],
			"to": [15.2, 19.4, 11],
			"rotation": {"angle": 0, "axis": "y", "origin": [8, 15.8, 9.2]},
			"faces": {
				"north": {"uv": [1.75, 12.75, 2, 13.75], "texture": "#0"},
				"east": {"uv": [2, 12.75, 2.25, 13.75], "texture": "#0"},
				"south": {"uv": [2.25, 12.75, 2.5, 13.75], "texture": "#0"},
				"west": {"uv": [2.5, 12.75, 2.75, 13.75], "texture": "#0"},
				"up": {"uv": [13.75, 9.75, 13.5, 9.5], "texture": "#0"},
				"down": {"uv": [10, 13.5, 9.75, 13.75], "texture": "#0"}
			}
		},
		{
			"from": [4.4, 8.6, 9.2],
			"to": [11.6, 10.4, 11],
			"rotation": {"angle": 22.5, "axis": "z", "origin": [8, 15.8, 9.2]},
			"faces": {
				"north": {"uv": [12.5, 12, 13.5, 12.25], "texture": "#0"},
				"east": {"uv": [13.5, 9.75, 13.75, 10], "texture": "#0"},
				"south": {"uv": [12.75, 2.5, 13.75, 2.75], "texture": "#0"},
				"west": {"uv": [13.5, 10, 13.75, 10.25], "texture": "#0"},
				"up": {"uv": [13.75, 3, 12.75, 2.75], "texture": "#0"},
				"down": {"uv": [13.75, 3, 12.75, 3.25], "texture": "#0"}
			}
		},
		{
			"from": [2.6, 10.4, 11],
			"to": [13.4, 21.2, 11],
			"rotation": {"angle": 0, "axis": "y", "origin": [-8.2, -0.4, 11]},
			"faces": {
				"north": {"uv": [0, 0, 1.5, 1.5], "texture": "#0"},
				"east": {"uv": [0, 0, 0, 1.5], "texture": "#0"},
				"south": {"uv": [0, 1.5, 1.5, 3], "texture": "#0"},
				"west": {"uv": [0, 0, 0, 1.5], "texture": "#0"},
				"up": {"uv": [1.5, 0, 0, 0], "texture": "#0"},
				"down": {"uv": [1.5, 0, 0, 0], "texture": "#0"}
			}
		},
		{
			"from": [6.2, 14, 8.3],
			"to": [9.8, 17.6, 11],
			"rotation": {"angle": 0, "axis": "y", "origin": [6.2, 14, 7.4]},
			"faces": {
				"north": {"uv": [13, 12.25, 13.5, 12.75], "texture": "#0"},
				"east": {"uv": [13, 12.75, 13.5, 13.25], "texture": "#0"},
				"south": {"uv": [13.25, 0, 13.75, 0.5], "texture": "#0"},
				"west": {"uv": [13.25, 0.5, 13.75, 1], "texture": "#0"},
				"up": {"uv": [13.75, 5, 13.25, 4.5], "texture": "#0"},
				"down": {"uv": [13.75, 5, 13.25, 5.5], "texture": "#0"}
			}
		},
		{
			"from": [4.4, -0.4, 4.7],
			"to": [11.6, 5, 5.6],
			"rotation": {"angle": 0, "axis": "y", "origin": [8, 15.8, 4.7]},
			"faces": {
				"north": {"uv": [1.5, 10.75, 2.5, 11.5], "texture": "#0"},
				"east": {"uv": [3.75, 7, 4, 7.75], "texture": "#0"},
				"south": {"uv": [3.5, 10.75, 4.5, 11.5], "texture": "#0"},
				"west": {"uv": [2.5, 7.75, 2.75, 8.5], "texture": "#0"},
				"up": {"uv": [13.75, 3.5, 12.75, 3.25], "texture": "#0"},
				"down": {"uv": [13.75, 3.5, 12.75, 3.75], "texture": "#0"}
			}
		},
		{
			"from": [4.4, -0.4, 5.6],
			"to": [11.6, 1.4, 11.45],
			"rotation": {"angle": 0, "axis": "y", "origin": [8, 15.8, 4.7]},
			"faces": {
				"north": {"uv": [12.75, 3.75, 13.75, 4], "texture": "#0"},
				"east": {"uv": [12.75, 4, 13.75, 4.25], "texture": "#0"},
				"south": {"uv": [12.75, 4.25, 13.75, 4.5], "texture": "#0"},
				"west": {"uv": [4.5, 12.75, 5.5, 13], "texture": "#0"},
				"up": {"uv": [4, 7, 3, 6], "texture": "#0"},
				"down": {"uv": [7, 3.75, 6, 4.75], "texture": "#0"}
			}
		},
		{
			"from": [6.2, 0.5, 3.8],
			"to": [9.8, 4.1, 4.7],
			"rotation": {"angle": 0, "axis": "y", "origin": [8, 15.8, 4.7]},
			"faces": {
				"north": {"uv": [12.75, 4.5, 13.25, 5], "texture": "#0"},
				"east": {"uv": [6.75, 13.25, 7, 13.75], "texture": "#0"},
				"south": {"uv": [12.75, 5, 13.25, 5.5], "texture": "#0"},
				"west": {"uv": [7, 13.25, 7.25, 13.75], "texture": "#0"},
				"up": {"uv": [10, 7.25, 9.5, 7], "texture": "#0"},
				"down": {"uv": [12, 9.25, 11.5, 9.5], "texture": "#0"}
			}
		},
		{
			"from": [-8.2, 12.2, 4.7],
			"to": [-2.8, 19.4, 5.6],
			"rotation": {"angle": 0, "axis": "y", "origin": [8, 15.8, 4.7]},
			"faces": {
				"north": {"uv": [4.5, 10.75, 5.25, 11.75], "texture": "#0"},
				"east": {"uv": [2.75, 12.75, 3, 13.75], "texture": "#0"},
				"south": {"uv": [5.25, 10.75, 6, 11.75], "texture": "#0"},
				"west": {"uv": [5.5, 12.75, 5.75, 13.75], "texture": "#0"},
				"up": {"uv": [6.75, 1.5, 6, 1.25], "texture": "#0"},
				"down": {"uv": [0.75, 7.5, 0, 7.75], "texture": "#0"}
			}
		},
		{
			"from": [-8.2, 12.2, 5.6],
			"to": [-6.4, 19.4, 11.45],
			"rotation": {"angle": 0, "axis": "y", "origin": [8, 15.8, 4.7]},
			"faces": {
				"north": {"uv": [5.75, 12.75, 6, 13.75], "texture": "#0"},
				"east": {"uv": [6, 4.75, 7, 5.75], "texture": "#0"},
				"south": {"uv": [6, 12.75, 6.25, 13.75], "texture": "#0"},
				"west": {"uv": [6, 5.75, 7, 6.75], "texture": "#0"},
				"up": {"uv": [6.5, 13.75, 6.25, 12.75], "texture": "#0"},
				"down": {"uv": [6.75, 12.75, 6.5, 13.75], "texture": "#0"}
			}
		},
		{
			"from": [-7.3, 14, 3.8],
			"to": [-3.7, 17.6, 4.7],
			"rotation": {"angle": 0, "axis": "y", "origin": [8, 15.8, 4.7]},
			"faces": {
				"north": {"uv": [12.75, 6, 13.25, 6.5], "texture": "#0"},
				"east": {"uv": [13.25, 8, 13.5, 8.5], "texture": "#0"},
				"south": {"uv": [6.75, 12.75, 7.25, 13.25], "texture": "#0"},
				"west": {"uv": [13.25, 8.75, 13.5, 9.25], "texture": "#0"},
				"up": {"uv": [13.75, 6.5, 13.25, 6.25], "texture": "#0"},
				"down": {"uv": [10, 13.25, 9.5, 13.5], "texture": "#0"}
			}
		},
		{
			"from": [4.4, 26.6, 4.7],
			"to": [11.6, 32, 5.6],
			"rotation": {"angle": 0, "axis": "y", "origin": [8, 15.8, 4.7]},
			"faces": {
				"north": {"uv": [6, 10.75, 7, 11.5], "texture": "#0"},
				"east": {"uv": [3.5, 8.5, 3.75, 9.25], "texture": "#0"},
				"south": {"uv": [11, 10.25, 12, 11], "texture": "#0"},
				"west": {"uv": [5.25, 13, 5.5, 13.75], "texture": "#0"},
				"up": {"uv": [13.75, 7.25, 12.75, 7], "texture": "#0"},
				"down": {"uv": [8.25, 12.75, 7.25, 13], "texture": "#0"}
			}
		},
		{
			"from": [4.4, 30.2, 5.6],
			"to": [11.6, 32, 11.45],
			"rotation": {"angle": 0, "axis": "y", "origin": [8, 15.8, 4.7]},
			"faces": {
				"north": {"uv": [12.75, 7.25, 13.75, 7.5], "texture": "#0"},
				"east": {"uv": [12.75, 7.5, 13.75, 7.75], "texture": "#0"},
				"south": {"uv": [12.75, 7.75, 13.75, 8], "texture": "#0"},
				"west": {"uv": [12.75, 8.5, 13.75, 8.75], "texture": "#0"},
				"up": {"uv": [1.75, 7.75, 0.75, 6.75], "texture": "#0"},
				"down": {"uv": [7.75, 0.75, 6.75, 1.75], "texture": "#0"}
			}
		},
		{
			"from": [6.2, 27.5, 3.8],
			"to": [9.8, 31.1, 4.7],
			"rotation": {"angle": 0, "axis": "y", "origin": [8, 15.8, 4.7]},
			"faces": {
				"north": {"uv": [12.75, 8.75, 13.25, 9.25], "texture": "#0"},
				"east": {"uv": [10, 13.25, 10.25, 13.75], "texture": "#0"},
				"south": {"uv": [9.75, 12.75, 10.25, 13.25], "texture": "#0"},
				"west": {"uv": [13.25, 11, 13.5, 11.5], "texture": "#0"},
				"up": {"uv": [12, 13.5, 11.5, 13.25], "texture": "#0"},
				"down": {"uv": [13.75, 11.5, 13.25, 11.75], "texture": "#0"}
			}
		},
		{
			"from": [18.8, 12.2, 4.7],
			"to": [24.2, 19.4, 5.6],
			"rotation": {"angle": 0, "axis": "y", "origin": [8, 15.8, 4.7]},
			"faces": {
				"north": {"uv": [1.5, 11.5, 2.25, 12.5], "texture": "#0"},
				"east": {"uv": [12.75, 12.25, 13, 13.25], "texture": "#0"},
				"south": {"uv": [2.25, 11.5, 3, 12.5], "texture": "#0"},
				"west": {"uv": [12.5, 12.75, 12.75, 13.75], "texture": "#0"},
				"up": {"uv": [13.5, 9.5, 12.75, 9.25], "texture": "#0"},
				"down": {"uv": [14, 6, 13.25, 6.25], "texture": "#0"}
			}
		},
		{
			"from": [22.4, 12.2, 5.6],
			"to": [24.2, 19.4, 11.45],
			"rotation": {"angle": 0, "axis": "y", "origin": [8, 15.8, 4.7]},
			"faces": {
				"north": {"uv": [13, 0, 13.25, 1], "texture": "#0"},
				"east": {"uv": [6.75, 2.75, 7.75, 3.75], "texture": "#0"},
				"south": {"uv": [4.5, 13, 4.75, 14], "texture": "#0"},
				"west": {"uv": [4, 6.75, 5, 7.75], "texture": "#0"},
				"up": {"uv": [5, 14, 4.75, 13], "texture": "#0"},
				"down": {"uv": [5.25, 13, 5, 14], "texture": "#0"}
			}
		},
		{
			"from": [19.7, 14, 3.8],
			"to": [23.3, 17.6, 4.7],
			"rotation": {"angle": 0, "axis": "y", "origin": [8, 15.8, 4.7]},
			"faces": {
				"north": {"uv": [7.25, 13, 7.75, 13.5], "texture": "#0"},
				"east": {"uv": [13.5, 1, 13.75, 1.5], "texture": "#0"},
				"south": {"uv": [7.75, 13, 8.25, 13.5], "texture": "#0"},
				"west": {"uv": [13.5, 1.5, 13.75, 2], "texture": "#0"},
				"up": {"uv": [14, 2.25, 13.5, 2], "texture": "#0"},
				"down": {"uv": [14, 2.25, 13.5, 2.5], "texture": "#0"}
			}
		}
	],
	"display": {
		"thirdperson_righthand": {
			"translation": [0, 4, 1],
			"scale": [0.5, 0.5, 0.5]
		},
		"thirdperson_lefthand": {
			"translation": [0, 4, 1],
			"scale": [0.5, 0.5, 0.5]
		},
		"firstperson_righthand": {
			"rotation": [145, 25, -70],
			"translation": [0, 3, 0],
			"scale": [0.5, 0.5, 0.5]
		},
		"firstperson_lefthand": {
			"rotation": [145, 25, -70],
			"translation": [0, 3, 0],
			"scale": [0.5, 0.5, 0.5]
		},
		"ground": {
			"rotation": [90, 0, 0],
			"translation": [0, 0.75, 0]
		},
		"gui": {
			"rotation": [180, 0, 0],
			"translation": [0, 2.75, -1.25],
			"scale": [0.4, 0.4, 0.4]
		},
		"head": {
			"scale": [0.1, 0.1, 0.1]
		},
		"fixed": {
			"translation": [0, -3.5, -1.25],
			"scale": [0.5, 0.5, 0.5]
		}
	},
	"groups": [
		{
			"name": "group",
			"origin": [8, 8, 0],
			"color": 0,
			"children": [0, 1, 2, 3, 4, 5, 6, 7, 8, 9, 10, 11, 12, 13, 14, 15, 16]
		},
		{
			"name": "group",
			"origin": [8, 8, 0],
			"color": 0,
			"children": [
				17,
				18,
				19,
				20,
				21,
				22,
				23,
				24,
				25,
				26,
				27,
				28,
				29,
				30,
				31,
				32,
				{
					"name": "group",
					"origin": [8, 8, 0],
					"color": 0,
					"children": []
				}
			]
		},
		{
			"name": "group",
			"origin": [8, 8, 8],
			"color": 0,
			"children": [33, 34, 35, 36, 37, 38, 39, 40, 41, 42, 43, 44, 45, 46, 47, 48]
		},
		49,
		50,
		{
			"name": "group",
			"origin": [7, 0, -8.75],
			"color": 0,
			"children": [
				51,
				52,
				53,
				{
					"name": "group",
					"origin": [7, 0, -8.75],
					"color": 0,
					"children": [54, 55, 56]
				},
				{
					"name": "group",
					"origin": [7, 0, -8.75],
					"color": 0,
					"children": [57, 58, 59]
				},
				{
					"name": "group",
					"origin": [7, 0, -8.75],
					"color": 0,
					"children": [60, 61, 62]
				}
			]
		}
	]
}