{
	"format_version": "1.12.0",
	"minecraft:geometry": [
		{
			"description": {
				"identifier": "geometry.unknown",
				"texture_width": 32,
				"texture_height": 32,
				"visible_bounds_width": 8,
				"visible_bounds_height": 5,
				"visible_bounds_offset": [0, 1.5, 0]
			},
			"bones": [
				{
					"name": "armorLeftArm",
					"pivot": [5, 22, 0]
				},
				{
					"name": "recal_omnitrix",
					"parent": "armorLeftArm",
					"pivot": [6, 21, 0]
				},
				{
					"name": "core",
					"parent": "recal_omnitrix",
					"pivot": [8.7475, 14.75, 0]
				},
				{
					"name": "hologram",
					"parent": "core",
					"pivot": [9.5, 14.75, 0]
				},
				{
					"name": "alien_0",
					"parent": "hologram",
					"pivot": [11.77, 14.84, 0.2],
					"rotation": [0, 0, 90],
					"cubes": [
						{
							"origin": [11.17, 13.49, -0.2],
							"size": [1.2, 0.8, 0.8],
							"uv": {
								"north": {"uv": [0, 0], "uv_size": [9, 2]},
								"east": {"uv": [0, 14], "uv_size": [2, 2]},
								"south": {"uv": [0, 2], "uv_size": [9, 2]},
								"west": {"uv": [2, 14], "uv_size": [2, 2]},
								"up": {"uv": [0, 4], "uv_size": [9, 2]},
								"down": {"uv": [0, 8], "uv_size": [9, -2]}
							}
						},
						{
							"origin": [11.17, 15.39, -0.2],
							"size": [1.2, 0.8, 0.8],
							"uv": {
								"north": {"uv": [0, 8], "uv_size": [9, 2]},
								"east": {"uv": [4, 14], "uv_size": [2, 2]},
								"south": {"uv": [9, 0], "uv_size": [9, 2]},
								"west": {"uv": [6, 14], "uv_size": [2, 2]},
								"up": {"uv": [9, 2], "uv_size": [9, 2]},
								"down": {"uv": [9, 6], "uv_size": [9, -2]}
							}
						},
						{
							"origin": [11.27, 14.29, -0.2],
							"size": [2.7, 0.8, 0.8],
							"pivot": [12.77, 14.69, 0.2],
							"rotation": [0, 0, 90],
							"uv": {
								"north": {"uv": [9, 6], "uv_size": [6, 2]},
								"south": {"uv": [9, 8], "uv_size": [6, 2]},
								"up": {"uv": [0, 10], "uv_size": [6, 2]},
								"down": {"uv": [6, 12], "uv_size": [6, -2]}
							}
						},
						{
							"origin": [9.27, 14.29, -0.2],
							"size": [2.7, 0.8, 0.8],
							"pivot": [10.77, 14.69, 0.2],
							"rotation": [0, 0, 90],
							"uv": {
								"north": {"uv": [0, 12], "uv_size": [6, 2]},
								"south": {"uv": [6, 12], "uv_size": [6, 2]},
								"up": {"uv": [12, 10], "uv_size": [6, 2]},
								"down": {"uv": [12, 14], "uv_size": [6, -2]}
							}
						}
					]
				}
			]
		}
	]
}