{
	"format_version": "1.12.0",
	"minecraft:geometry": [
		{
			"description": {
				"identifier": "geometry.unknown",
				"texture_width": 128,
				"texture_height": 128,
				"visible_bounds_width": 4,
				"visible_bounds_height": 4.5,
				"visible_bounds_offset": [0, 1.75, 0]
			},
			"bones": [
				{
					"name": "Body",
					"pivot": [0, 26.5, 0],
					"cubes": [
						{"origin": [-9.2, 11.3, -7.7], "size": [18.4, 13.4, 15.4], "uv": [1, 1]},
						{
							"origin": [-9.5, 8, -8],
							"size": [19, 3.1, 16],
							"inflate": 0.1,
							"uv": {
								"north": {"uv": [76, 49], "uv_size": [17, 2]},
								"east": {"uv": [77, 7], "uv_size": [16, 2]},
								"south": {"uv": [76, 51], "uv_size": [17, 2]},
								"west": {"uv": [77, 9], "uv_size": [16, 2]},
								"up": {"uv": [8, 46], "uv_size": [17, 16]},
								"down": {"uv": [44, 62], "uv_size": [17, -16]}
							}
						},
						{
							"origin": [-8.5, 24, -7],
							"size": [17, 2.5, 14],
							"inflate": 0.1,
							"uv": {
								"north": {"uv": [76, 70], "uv_size": [17, 2]},
								"east": {"uv": [77, 11], "uv_size": [16, 2]},
								"south": {"uv": [77, 5], "uv_size": [17, 2]},
								"west": {"uv": [77, 13], "uv_size": [16, 2]},
								"up": {"uv": [25, 50], "uv_size": [17, 16]},
								"down": {"uv": [56, 46], "uv_size": [17, -16]}
							}
						}
					]
				},
				{
					"name": "Layer",
					"parent": "Body",
					"pivot": [0, 15, -1],
					"cubes": [
						{"origin": [-9.6, 10.9, -8.1], "size": [19.2, 14.2, 16.2], "uv": [0, 92]}
					]
				},
				{
					"name": "Head",
					"pivot": [0, 26.5, 0.25],
					"cubes": [
						{
							"origin": [-4.3, 26.5, -4.2],
							"size": [8.3, 4.4, 8.5],
							"uv": {
								"north": {"uv": [62, 78], "uv_size": [-8, 3]},
								"east": {"uv": [86, 78], "uv_size": [-8, 3]},
								"south": {"uv": [78, 78], "uv_size": [-8, 3]},
								"west": {"uv": [70, 78], "uv_size": [-8, 3]},
								"up": {"uv": [8, 47], "uv_size": [-8, 8]},
								"down": {"uv": [8, 63], "uv_size": [-8, -8]}
							}
						}
					]
				},
				{
					"name": "Layerhead",
					"parent": "Head",
					"pivot": [0, 27.5, 0],
					"cubes": [
						{
							"origin": [-4.5, 26.3, -4.4],
							"size": [8.7, 4.8, 8.9],
							"uv": {
								"north": {"uv": [104, 70], "uv_size": [-8, 3]},
								"east": {"uv": [128, 70], "uv_size": [-8, 3]},
								"south": {"uv": [120, 70], "uv_size": [-8, 3]},
								"west": {"uv": [112, 70], "uv_size": [-8, 3]},
								"up": {"uv": [128, 54], "uv_size": [-8, 8]},
								"down": {"uv": [128, 70], "uv_size": [-8, -8]}
							}
						}
					]
				},
				{
					"name": "Key",
					"parent": "Head",
					"pivot": [0, 31, 0],
					"cubes": [
						{
							"origin": [-7.5, 30.05, 0.1],
							"size": [14.8, 12.6, 0],
							"uv": {
								"north": {"uv": [81, 92], "uv_size": [13.2, 9.7]}
							}
						}
					]
				},
				{
					"name": "LeftArm",
					"pivot": [13, 22, 0],
					"rotation": [0, 0, -10],
					"cubes": [
						{
							"origin": [8.66214, 18.42326, -3.5],
							"size": [6, 6, 7],
							"uv": {
								"north": {"uv": [50, 40], "uv_size": [6, 6]},
								"east": {"uv": [70, 14], "uv_size": [7, 6]},
								"south": {"uv": [62, 71], "uv_size": [6, 6]},
								"west": {"uv": [70, 20], "uv_size": [7, 6]},
								"up": {"uv": [50, 69], "uv_size": [6, 7]},
								"down": {"uv": [70, 53], "uv_size": [6, -7]}
							}
						},
						{
							"origin": [14.66214, 19.92326, -2],
							"size": [1, 4, 4],
							"uv": {
								"north": {"uv": [42, 50], "uv_size": [1, 4]},
								"east": {"uv": [80, 72], "uv_size": [4, 4]},
								"south": {"uv": [43, 50], "uv_size": [1, 4]},
								"west": {"uv": [13, 81], "uv_size": [4, 4]},
								"up": {"uv": [42, 54], "uv_size": [1, 4]},
								"down": {"uv": [43, 58], "uv_size": [1, -4]}
							}
						},
						{
							"origin": [7.96214, 7.22326, -3.7],
							"size": [7.4, 7.4, 7.4],
							"uv": {
								"north": {"uv": [42, 62], "uv_size": [7, 7]},
								"east": {"uv": [49, 62], "uv_size": [7, 7]},
								"south": {"uv": [0, 63], "uv_size": [7, 7]},
								"west": {"uv": [56, 64], "uv_size": [7, 7]},
								"up": {"uv": [63, 64], "uv_size": [7, 7]},
								"down": {"uv": [22, 73], "uv_size": [7, -7]}
							}
						},
						{
							"origin": [8.66214, 6.42326, -3],
							"size": [6, 1, 6],
							"uv": {
								"north": {"uv": [83, 16], "uv_size": [6, 1]},
								"east": {"uv": [17, 83], "uv_size": [6, 1]},
								"south": {"uv": [83, 17], "uv_size": [6, 1]},
								"west": {"uv": [83, 18], "uv_size": [6, 1]},
								"up": {"uv": [68, 72], "uv_size": [6, 6]},
								"down": {"uv": [21, 79], "uv_size": [6, -6]}
							}
						},
						{
							"origin": [8.96214, 13.72326, -2.7],
							"size": [5.4, 5.4, 5.4],
							"uv": {
								"north": {"uv": [24, 79], "uv_size": [4, 4]},
								"east": {"uv": [79, 25], "uv_size": [4, 4]},
								"south": {"uv": [28, 79], "uv_size": [4, 4]},
								"west": {"uv": [79, 29], "uv_size": [4, 4]},
								"up": {"uv": [79, 33], "uv_size": [4, 4]},
								"down": {"uv": [79, 41], "uv_size": [4, -4]}
							}
						}
					]
				},
				{
					"name": "LayerLeftarm",
					"parent": "LeftArm",
					"pivot": [-0.83786, 0.42326, 0],
					"cubes": [
						{
							"origin": [8.76214, 13.52326, -2.9],
							"size": [5.8, 5.8, 5.8],
							"uv": {
								"north": {"uv": [120, 21], "uv_size": [4, 4]},
								"east": {"uv": [124, 25], "uv_size": [4, 4]},
								"south": {"uv": [124, 21], "uv_size": [4, 4]},
								"west": {"uv": [124, 29], "uv_size": [4, 4]}
							}
						},
						{
							"origin": [7.76214, 7.02326, -3.9],
							"size": [7.8, 7.8, 7.8],
							"uv": {
								"north": {"uv": [100, 119], "uv_size": [7, 7]},
								"east": {"uv": [107, 119], "uv_size": [7, 7]},
								"south": {"uv": [86, 119], "uv_size": [7, 7]},
								"west": {"uv": [114, 119], "uv_size": [7, 7]},
								"up": {"uv": [121, 119], "uv_size": [7, 7]},
								"down": {"uv": [93, 126], "uv_size": [7, -7]}
							}
						}
					]
				},
				{
					"name": "LeftLeg",
					"pivot": [5.25, 9, 0],
					"cubes": [
						{
							"origin": [1.75, 1, -3.5],
							"size": [7, 5, 7],
							"uv": {
								"north": {"uv": [13, 76], "uv_size": [7, 5]},
								"east": {"uv": [33, 76], "uv_size": [7, 5]},
								"south": {"uv": [40, 76], "uv_size": [7, 5]},
								"west": {"uv": [76, 44], "uv_size": [7, 5]},
								"up": {"uv": [8, 62], "uv_size": [7, 7]},
								"down": {"uv": [15, 69], "uv_size": [7, -7]}
							}
						},
						{
							"origin": [2.25, 0, -2.5],
							"size": [6, 1, 5],
							"uv": {
								"north": {"uv": [62, 77], "uv_size": [6, 1]},
								"east": {"uv": [56, 62], "uv_size": [5, 1]},
								"south": {"uv": [83, 15], "uv_size": [6, 1]},
								"west": {"uv": [56, 63], "uv_size": [5, 1]},
								"up": {"uv": [77, 15], "uv_size": [6, 5]},
								"down": {"uv": [77, 25], "uv_size": [6, -5]}
							}
						},
						{
							"origin": [2.65, 5.4, -2.6],
							"size": [5.2, 4.2, 5.2],
							"uv": {
								"north": {"uv": [25, 47], "uv_size": [4, 3]},
								"east": {"uv": [36, 66], "uv_size": [4, 3]},
								"south": {"uv": [79, 41], "uv_size": [4, 3]},
								"west": {"uv": [72, 81], "uv_size": [4, 3]},
								"up": {"uv": [26, 43], "uv_size": [4, 4]},
								"down": {"uv": [20, 83], "uv_size": [4, -4]}
							}
						}
					]
				},
				{
					"name": "LayerLeftleg",
					"parent": "LeftLeg",
					"pivot": [4, 9, 0],
					"cubes": [
						{
							"origin": [2.45, 5.2, -2.8],
							"size": [5.6, 4.6, 5.6],
							"uv": {
								"north": {"uv": [124, 73], "uv_size": [4, 3]},
								"east": {"uv": [124, 76], "uv_size": [4, 3]},
								"south": {"uv": [124, 79], "uv_size": [4, 3]},
								"west": {"uv": [124, 82], "uv_size": [4, 3]}
							}
						},
						{
							"origin": [1.55, 0.8, -3.7],
							"size": [7.4, 5.4, 7.4],
							"uv": {
								"north": {"uv": [121, 85], "uv_size": [7, 5]},
								"east": {"uv": [121, 90], "uv_size": [7, 5]},
								"south": {"uv": [121, 95], "uv_size": [7, 5]},
								"west": {"uv": [121, 100], "uv_size": [7, 5]},
								"up": {"uv": [121, 105], "uv_size": [7, 7]},
								"down": {"uv": [121, 119], "uv_size": [7, -7]}
							}
						}
					]
				},
				{
					"name": "Rightleg",
					"pivot": [-5.25, 9, 0],
					"cubes": [
						{
							"origin": [-8.75, 1, -3.5],
							"size": [7, 5, 7],
							"uv": {
								"north": {"uv": [20, 76], "uv_size": [-7, 5]},
								"east": {"uv": [83, 44], "uv_size": [-7, 5]},
								"south": {"uv": [47, 76], "uv_size": [-7, 5]},
								"west": {"uv": [40, 76], "uv_size": [-7, 5]},
								"up": {"uv": [15, 62], "uv_size": [-7, 7]},
								"down": {"uv": [22, 69], "uv_size": [-7, -7]}
							}
						},
						{
							"origin": [-8.25, 0, -2.5],
							"size": [6, 1, 5],
							"uv": {
								"north": {"uv": [68, 77], "uv_size": [-6, 1]},
								"east": {"uv": [61, 63], "uv_size": [-5, 1]},
								"south": {"uv": [89, 15], "uv_size": [-6, 1]},
								"west": {"uv": [61, 62], "uv_size": [-5, 1]},
								"up": {"uv": [83, 15], "uv_size": [-6, 5]},
								"down": {"uv": [83, 25], "uv_size": [-6, -5]}
							}
						},
						{
							"origin": [-7.85, 5.4, -2.6],
							"size": [5.2, 4.2, 5.2],
							"uv": {
								"north": {"uv": [29, 47], "uv_size": [-4, 3]},
								"east": {"uv": [76, 81], "uv_size": [-4, 3]},
								"south": {"uv": [83, 41], "uv_size": [-4, 3]},
								"west": {"uv": [40, 66], "uv_size": [-4, 3]},
								"up": {"uv": [30, 43], "uv_size": [-4, 4]},
								"down": {"uv": [24, 83], "uv_size": [-4, -4]}
							}
						}
					]
				},
				{
					"name": "LayerRightleg",
					"parent": "Rightleg",
					"pivot": [-4, 9, 0],
					"cubes": [
						{
							"origin": [-8.95, 0.8, -3.7],
							"size": [7.4, 5.4, 7.4],
							"uv": {
								"north": {"uv": [128, 85], "uv_size": [-7, 5]},
								"east": {"uv": [128, 100], "uv_size": [-7, 5]},
								"south": {"uv": [128, 95], "uv_size": [-7, 5]},
								"west": {"uv": [128, 90], "uv_size": [-7, 5]},
								"up": {"uv": [128, 105], "uv_size": [-7, 7]},
								"down": {"uv": [128, 119], "uv_size": [-7, -7]}
							}
						},
						{
							"origin": [-8.05, 5.2, -2.8],
							"size": [5.6, 4.6, 5.6],
							"uv": {
								"north": {"uv": [128, 73], "uv_size": [-4, 3]},
								"east": {"uv": [128, 82], "uv_size": [-4, 3]},
								"south": {"uv": [128, 79], "uv_size": [-4, 3]},
								"west": {"uv": [128, 76], "uv_size": [-4, 3]}
							}
						}
					]
				},
				{
					"name": "RightArm",
					"pivot": [-13, 22, 0],
					"rotation": [0, 0, 10],
					"cubes": [
						{
							"origin": [-15.66214, 19.92326, -2],
							"size": [1, 4, 4],
							"uv": {
								"north": {"uv": [43, 50], "uv_size": [-1, 4]},
								"east": {"uv": [17, 81], "uv_size": [-4, 4]},
								"south": {"uv": [44, 50], "uv_size": [-1, 4]},
								"west": {"uv": [84, 72], "uv_size": [-4, 4]},
								"up": {"uv": [43, 54], "uv_size": [-1, 4]},
								"down": {"uv": [44, 58], "uv_size": [-1, -4]}
							}
						},
						{
							"origin": [-14.66214, 18.42326, -3.5],
							"size": [6, 6, 7],
							"uv": {
								"north": {"uv": [56, 40], "uv_size": [-6, 6]},
								"east": {"uv": [77, 20], "uv_size": [-7, 6]},
								"south": {"uv": [68, 71], "uv_size": [-6, 6]},
								"west": {"uv": [77, 14], "uv_size": [-7, 6]},
								"up": {"uv": [56, 69], "uv_size": [-6, 7]},
								"down": {"uv": [76, 53], "uv_size": [-6, -7]}
							}
						},
						{
							"origin": [-15.36214, 7.22326, -3.7],
							"size": [7.4, 7.4, 7.4],
							"uv": {
								"north": {"uv": [49, 62], "uv_size": [-7, 7]},
								"east": {"uv": [63, 64], "uv_size": [-7, 7]},
								"south": {"uv": [7, 63], "uv_size": [-7, 7]},
								"west": {"uv": [56, 62], "uv_size": [-7, 7]},
								"up": {"uv": [70, 64], "uv_size": [-7, 7]},
								"down": {"uv": [29, 73], "uv_size": [-7, -7]}
							}
						},
						{
							"origin": [-14.66214, 6.42326, -3],
							"size": [6, 1, 6],
							"uv": {
								"north": {"uv": [89, 16], "uv_size": [-6, 1]},
								"east": {"uv": [89, 18], "uv_size": [-6, 1]},
								"south": {"uv": [89, 17], "uv_size": [-6, 1]},
								"west": {"uv": [23, 83], "uv_size": [-6, 1]},
								"up": {"uv": [74, 72], "uv_size": [-6, 6]},
								"down": {"uv": [27, 79], "uv_size": [-6, -6]}
							}
						},
						{
							"origin": [-14.16214, 13.92326, -2.5],
							"size": [5, 5, 5],
							"uv": {
								"north": {"uv": [28, 79], "uv_size": [-4, 4]},
								"east": {"uv": [83, 29], "uv_size": [-4, 4]},
								"south": {"uv": [32, 79], "uv_size": [-4, 4]},
								"west": {"uv": [83, 25], "uv_size": [-4, 4]},
								"up": {"uv": [83, 33], "uv_size": [-4, 4]},
								"down": {"uv": [83, 41], "uv_size": [-4, -4]}
							}
						}
					]
				},
				{
					"name": "LayerRightarm",
					"parent": "RightArm",
					"pivot": [0.83786, 0.42326, 0],
					"cubes": [
						{
							"origin": [-15.56214, 7.02326, -3.9],
							"size": [7.8, 7.8, 7.8],
							"uv": {
								"north": {"uv": [107, 119], "uv_size": [-7, 7]},
								"east": {"uv": [121, 119], "uv_size": [-7, 7]},
								"south": {"uv": [93, 119], "uv_size": [-7, 7]},
								"west": {"uv": [114, 119], "uv_size": [-7, 7]},
								"up": {"uv": [128, 119], "uv_size": [-7, 7]},
								"down": {"uv": [100, 126], "uv_size": [-7, -7]}
							}
						},
						{
							"origin": [-14.36214, 13.72326, -2.7],
							"size": [5.4, 5.4, 5.4],
							"uv": {
								"north": {"uv": [124, 21], "uv_size": [-4, 4]},
								"east": {"uv": [128, 29], "uv_size": [-4, 4]},
								"south": {"uv": [128, 21], "uv_size": [-4, 4]},
								"west": {"uv": [128, 25], "uv_size": [-4, 4]}
							}
						}
					]
				}
			]
		}
	]
}