{
	"format_version": "1.12.0",
	"minecraft:geometry": [
		{
			"description": {
				"identifier": "geometry.prototype_omnitrix",
				"texture_width": 64,
				"texture_height": 64,
				"visible_bounds_width": 2,
				"visible_bounds_height": 2.5,
				"visible_bounds_offset": [0, 0.75, 0]
			},
			"bones": [
				{
					"name": "armorHead",
					"pivot": [0, 0, 0]
				},
				{
					"name": "armorBody",
					"pivot": [0, 0, 0]
				},
				{
					"name": "armorRightArm",
					"pivot": [-5, -2, 0]
				},
				{
					"name": "armorRightLeg",
					"pivot": [-1.9, 12, 0]
				},
				{
					"name": "armorLeftLeg",
					"pivot": [1.9, 12, 0]
				},
				{
					"name": "armorLeftArm",
					"pivot": [4.44, 23.98588, -0.09721],
					"rotation": [0, 0, 7.5]
				},
				{
					"name": "lArm",
					"parent": "armorLeftArm",
					"pivot": [5.84856, 24.13458, 0.73799]
				},
				{
					"name": "bone21",
					"parent": "lArm",
					"pivot": [10.84856, 14.13458, 0.73799]
				},
				{
					"name": "hahaboner",
					"parent": "bone21",
					"pivot": [10.8486, 14.13458, 0.73799]
				},
				{
					"name": "omni",
					"parent": "hahaboner",
					"pivot": [2.38578, -2.37412, -0.73035],
					"rotation": [-7.10838, 6.53994, -12.51292]
				},
				{
					"name": "os_body3",
					"parent": "omni",
					"pivot": [2.38578, -2.37412, -0.73035]
				},
				{
					"name": "white3",
					"parent": "os_body3",
					"pivot": [8.35222, -7.2436, 0.39465],
					"cubes": [
						{
							"origin": [11.85222, 6.39005, -2.67308],
							"size": [5, 0.7, 1.575],
							"pivot": [14.35222, 6.74005, -1.59808],
							"rotation": [12.5, 0, 0],
							"uv": {
								"north": {"uv": [36, 30], "uv_size": [5, -1]},
								"east": {"uv": [35, 30], "uv_size": [1, -1]},
								"west": {"uv": [41, 30], "uv_size": [1, -1]}
							}
						},
						{
							"origin": [11.85222, 6.39005, 1.31238],
							"size": [5, 0.7, 1.575],
							"pivot": [14.35222, 6.74005, 2.38738],
							"rotation": [-12.5, 0, 0],
							"uv": {
								"east": {"uv": [36, 30], "uv_size": [-1, -1]},
								"south": {"uv": [41, 30], "uv_size": [-5, -1]},
								"west": {"uv": [42, 30], "uv_size": [-1, -1]}
							}
						},
						{
							"origin": [11.85222, 8.42275, 1.31238],
							"size": [5, 0.7, 1.575],
							"pivot": [14.35222, 8.77275, 2.38738],
							"rotation": [12.5, 0, 0],
							"uv": {
								"east": {"uv": [36, 29], "uv_size": [-1, 1]},
								"south": {"uv": [41, 29], "uv_size": [-5, 1]},
								"west": {"uv": [42, 29], "uv_size": [-1, 1]}
							}
						},
						{
							"origin": [11.85222, 8.42275, -2.67308],
							"size": [5, 0.7, 1.575],
							"pivot": [14.35222, 8.77275, -1.59808],
							"rotation": [-12.5, 0, 0],
							"uv": {
								"north": {"uv": [36, 29], "uv_size": [5, 1]},
								"east": {"uv": [35, 29], "uv_size": [1, 1]},
								"west": {"uv": [41, 29], "uv_size": [1, 1]}
							}
						},
						{
							"origin": [11.85222, 8.32283, -1.76069],
							"size": [5, 0.7, 3.73568],
							"uv": {
								"east": {"uv": [35, 31], "uv_size": [4, 1]}
							}
						},
						{
							"origin": [11.85222, 6.48997, -1.76069],
							"size": [5, 0.7, 3.73568],
							"uv": {
								"east": {"uv": [35, 31], "uv_size": [4, 1]}
							}
						}
					]
				},
				{
					"name": "grey3",
					"parent": "os_body3",
					"pivot": [8.35222, -7.2436, 0.39465],
					"cubes": [
						{
							"origin": [12.35222, 6.11002, -5.59079],
							"size": [4, 0.5, 1.575],
							"inflate": 0.251,
							"pivot": [8.35222, 22.16002, -2.76579],
							"rotation": [12.5, 0, 0],
							"uv": {
								"north": {"uv": [45, 27], "uv_size": [6, -1]},
								"east": {"uv": [45, 26], "uv_size": [2, -1]},
								"west": {"uv": [49, 26], "uv_size": [2, -1]}
							}
						},
						{
							"origin": [12.10122, 6.02919, -1.0048],
							"size": [0, 0.97825, 2.2239],
							"uv": {
								"east": {"uv": [47, 25], "uv_size": [2, 1]}
							}
						},
						{
							"origin": [12.10122, 8.50536, -1.0048],
							"size": [0, 0.97825, 2.2239],
							"uv": {
								"east": {"uv": [47, 25], "uv_size": [2, 1]}
							}
						},
						{
							"origin": [12.35222, 8.90278, -5.59079],
							"size": [4, 0.5, 1.575],
							"inflate": 0.251,
							"pivot": [8.35222, -6.64722, -2.76579],
							"rotation": [-12.5, 0, 0],
							"uv": {
								"north": {"uv": [45, 26], "uv_size": [6, 1]},
								"east": {"uv": [45, 25], "uv_size": [2, 1]},
								"west": {"uv": [49, 25], "uv_size": [2, 1]}
							}
						},
						{
							"origin": [12.35222, 8.90278, 4.23009],
							"size": [4, 0.5, 1.575],
							"inflate": 0.251,
							"pivot": [8.35222, -6.64722, 3.55509],
							"rotation": [12.5, 0, 0],
							"uv": {
								"east": {"uv": [47, 25], "uv_size": [-2, 1]},
								"south": {"uv": [51, 26], "uv_size": [-6, 1]},
								"west": {"uv": [51, 25], "uv_size": [-2, 1]}
							}
						},
						{
							"origin": [12.35222, 6.11002, 4.23009],
							"size": [4, 0.5, 1.575],
							"inflate": 0.251,
							"pivot": [8.35222, 22.16002, 3.55509],
							"rotation": [-12.5, 0, 0],
							"uv": {
								"east": {"uv": [47, 26], "uv_size": [-2, -1]},
								"south": {"uv": [51, 27], "uv_size": [-6, -1]},
								"west": {"uv": [51, 26], "uv_size": [-2, -1]}
							}
						}
					]
				},
				{
					"name": "black3",
					"parent": "os_body3",
					"pivot": [8.35222, -7.2436, 0.39465],
					"cubes": [
						{
							"origin": [16.60222, 7.0564, -0.88035],
							"size": [0, 1.4, 1.975],
							"pivot": [16.10222, 7.7564, 0.39465],
							"rotation": [-45, 0, 0],
							"uv": {
								"west": {"uv": [20, 30], "uv_size": [2, 2]}
							}
						},
						{
							"origin": [16.62722, 7.5064, -0.43035],
							"size": [0, 0.5, 1.075],
							"uv": {
								"west": {"uv": [61, 30], "uv_size": [1, 1]}
							}
						},
						{
							"origin": [11.85222, 6.1314, -2.68035],
							"size": [5, 3.25, 5.575],
							"inflate": -0.2,
							"uv": {
								"north": {"uv": [29, 25], "uv_size": [5, 3]},
								"east": {"uv": [24, 25], "uv_size": [5, 3]},
								"south": {"uv": [39, 25], "uv_size": [5, 3]},
								"west": {"uv": [34, 25], "uv_size": [5, 3]},
								"up": {"uv": [24, 28], "uv_size": [5, 5]},
								"down": {"uv": [29, 33], "uv_size": [5, -5]}
							}
						}
					]
				},
				{
					"name": "button3",
					"parent": "os_body3",
					"pivot": [16.35222, 7.7564, -2.35535],
					"rotation": [0, 65, 0],
					"cubes": [
						{
							"origin": [16.10222, 7.2564, -2.93035],
							"size": [1, 1, 1.075],
							"inflate": -0.25,
							"uv": {
								"north": {"uv": [61, 30], "uv_size": [1, 1]},
								"south": {"uv": [61, 30], "uv_size": [1, 1]},
								"west": {"uv": [61, 30], "uv_size": [1, 1]},
								"up": {"uv": [61, 30], "uv_size": [1, 1]},
								"down": {"uv": [61, 31], "uv_size": [1, -1]}
							}
						},
						{
							"origin": [15.87722, 7.2564, -2.93035],
							"size": [1, 1, 1.075],
							"inflate": -0.125,
							"uv": {
								"north": {"uv": [57, 30], "uv_size": [1, 1]},
								"east": {"uv": [56, 30], "uv_size": [1, 1]},
								"south": {"uv": [59, 30], "uv_size": [1, 1]},
								"west": {"uv": [58, 30], "uv_size": [1, 1]},
								"up": {"uv": [57, 29], "uv_size": [1, 1]},
								"down": {"uv": [58, 30], "uv_size": [1, -1]}
							}
						}
					]
				},
				{
					"name": "core3",
					"parent": "omni",
					"pivot": [17.05222, 7.7564, 0.14465],
					"cubes": [
						{
							"origin": [17.05222, 6.5064, -1.10535],
							"size": [0, 2.5, 2.5],
							"uv": {
								"west": {"uv": [22, 12], "uv_size": [12, 12]}
							}
						}
					]
				},
				{
					"name": "aliens3",
					"parent": "core3",
					"pivot": [17.13222, 7.7564, -0.10535]
				},
				{
					"name": "modules3",
					"parent": "core3",
					"pivot": [17.13222, 7.7564, -0.10535]
				},
				{
					"name": "dial3",
					"parent": "core3",
					"pivot": [17.02722, 7.7564, -0.10535],
					"cubes": [
						{
							"origin": [17.15222, 8.6564, 1.04465],
							"size": [-0.5, -1.8, -1.8],
							"inflate": -0.025,
							"uv": {
								"north": {"uv": [10, 28], "uv_size": [1, -3]},
								"south": {"uv": [9, 28], "uv_size": [1, -3]},
								"up": {"uv": [9, 28], "uv_size": [-1, -3]},
								"down": {"uv": [8, 25], "uv_size": [-1, 3]}
							}
						},
						{
							"origin": [16.65222, 6.5064, -1.10535],
							"size": [0.5, 2.5, 2.5],
							"inflate": 0.1,
							"uv": {
								"north": {"uv": [21, 25], "uv_size": [1, 4]},
								"south": {"uv": [22, 25], "uv_size": [1, 4]},
								"west": {"uv": [12, 25], "uv_size": [7, 7]},
								"up": {"uv": [19, 25], "uv_size": [1, 4]},
								"down": {"uv": [20, 29], "uv_size": [1, -4]}
							}
						},
						{
							"origin": [16.65222, 6.5064, -1.10535],
							"size": [0.5, 2.5, 2.5],
							"inflate": 0.025,
							"uv": {
								"north": {"uv": [9, 25], "uv_size": [1, 3]},
								"east": {"uv": [7, 28], "uv_size": [3, 3]},
								"south": {"uv": [10, 25], "uv_size": [1, 3]},
								"west": {"uv": [0, 25], "uv_size": [7, 7]},
								"up": {"uv": [7, 25], "uv_size": [1, 3]},
								"down": {"uv": [8, 28], "uv_size": [1, -3]}
							}
						}
					]
				},
				{
					"name": "lights3",
					"parent": "dial3",
					"pivot": [17.42722, 7.7564, -0.10535],
					"cubes": [
						{
							"origin": [17.12722, 7.2564, -1.60535],
							"size": [1, 1, 1],
							"inflate": -0.3,
							"pivot": [17.42722, 7.7564, 0.14465],
							"rotation": [0, 22.5, 0],
							"uv": {
								"north": {"uv": [59, 26], "uv_size": [1, 1]},
								"east": {"uv": [59, 27], "uv_size": [1, 1]},
								"south": {"uv": [60, 27], "uv_size": [1, 1]},
								"west": {"uv": [58, 27], "uv_size": [1, 1]},
								"up": {"uv": [61, 27], "uv_size": [1, 1]},
								"down": {"uv": [61, 28], "uv_size": [1, -1]}
							}
						},
						{
							"origin": [17.12722, 8.5064, -0.35535],
							"size": [1, 1, 1],
							"inflate": -0.3,
							"pivot": [17.42722, 7.7564, 0.14465],
							"rotation": [0, 0, -22.5],
							"uv": {
								"north": {"uv": [61, 27], "uv_size": [1, 1]},
								"east": {"uv": [59, 27], "uv_size": [1, 1]},
								"south": {"uv": [61, 27], "uv_size": [1, 1]},
								"west": {"uv": [58, 27], "uv_size": [1, 1]},
								"up": {"uv": [59, 26], "uv_size": [1, 1]},
								"down": {"uv": [60, 28], "uv_size": [1, -1]}
							}
						},
						{
							"origin": [17.12722, 7.2564, 0.89465],
							"size": [1, 1, 1],
							"inflate": -0.3,
							"pivot": [17.42722, 7.7564, 0.14465],
							"rotation": [0, -22.5, 0],
							"uv": {
								"north": {"uv": [60, 27], "uv_size": [1, 1]},
								"east": {"uv": [59, 27], "uv_size": [1, 1]},
								"south": {"uv": [59, 26], "uv_size": [1, 1]},
								"west": {"uv": [58, 27], "uv_size": [1, 1]},
								"up": {"uv": [61, 27], "uv_size": [1, 1]},
								"down": {"uv": [61, 28], "uv_size": [1, -1]}
							}
						},
						{
							"origin": [17.12722, 6.0064, -0.35535],
							"size": [1, 1, 1],
							"inflate": -0.3,
							"pivot": [17.42722, 7.7564, 0.14465],
							"rotation": [0, 0, 22.5],
							"uv": {
								"north": {"uv": [61, 27], "uv_size": [1, 1]},
								"east": {"uv": [59, 27], "uv_size": [1, 1]},
								"south": {"uv": [61, 27], "uv_size": [1, 1]},
								"west": {"uv": [58, 27], "uv_size": [1, 1]},
								"up": {"uv": [60, 27], "uv_size": [1, 1]},
								"down": {"uv": [59, 27], "uv_size": [1, -1]}
							}
						}
					]
				},
				{
					"name": "cylinder3",
					"parent": "core3",
					"pivot": [17.02722, 7.7564, 0.14465],
					"cubes": [
						{
							"origin": [16.02722, 6.8814, -0.73035],
							"size": [0.85, 1.75, 1.75],
							"inflate": 0.025,
							"uv": {
								"north": {"uv": [50, 13], "uv_size": [3, 5]},
								"east": {"uv": [59, 13], "uv_size": [2, 2]},
								"south": {"uv": [53, 13], "uv_size": [3, 5]},
								"west": {"uv": [59, 15], "uv_size": [2, 2]},
								"up": {"uv": [50, 18], "uv_size": [-3, -5]},
								"down": {"uv": [59, 18], "uv_size": [-3, -5]}
							}
						},
						{
							"origin": [16.02722, 6.8814, -0.73035],
							"size": [0.85, 1.75, 1.75],
							"inflate": 0.1,
							"uv": {
								"north": {"uv": [50, 19], "uv_size": [3, 5]},
								"east": {"uv": [59, 19], "uv_size": [2, 2]},
								"south": {"uv": [53, 19], "uv_size": [3, 5]},
								"west": {"uv": [59, 21], "uv_size": [2, 2]},
								"up": {"uv": [50, 24], "uv_size": [-3, -5]},
								"down": {"uv": [59, 24], "uv_size": [-3, -5]}
							}
						}
					]
				},
				{
					"name": "arrows3",
					"parent": "core3",
					"pivot": [17.07472, 7.7564, 0.14465]
				},
				{
					"name": "a_closed3",
					"parent": "arrows3",
					"pivot": [17.07722, 7.7564, 0.14465],
					"cubes": [
						{
							"origin": [17.12722, 6.5064, -1.10535],
							"size": [0, 2.5, 2.5],
							"uv": {
								"west": {"uv": [0, 0], "uv_size": [11, 12]}
							}
						}
					]
				},
				{
					"name": "a_7",
					"parent": "arrows3",
					"pivot": [17.07472, 7.7564, 0.14465],
					"cubes": [
						{
							"origin": [16.87722, 6.5064, -1.10535],
							"size": [0, 2.5, 2.5],
							"uv": {
								"west": {"uv": [11, 0], "uv_size": [11, 12]}
							}
						}
					]
				},
				{
					"name": "a_8",
					"parent": "arrows3",
					"pivot": [17.07472, 7.7564, 0.14465],
					"cubes": [
						{
							"origin": [16.87722, 6.5064, -1.10535],
							"size": [0, 2.5, 2.5],
							"uv": {
								"west": {"uv": [22, 0], "uv_size": [11, 12]}
							}
						}
					]
				},
				{
					"name": "a_9",
					"parent": "arrows3",
					"pivot": [17.07472, 7.7564, 0.14465],
					"cubes": [
						{
							"origin": [16.87722, 6.5064, -1.10535],
							"size": [0, 2.5, 2.5],
							"uv": {
								"west": {"uv": [33, 0], "uv_size": [11, 12]}
							}
						}
					]
				},
				{
					"name": "a_10",
					"parent": "arrows3",
					"pivot": [17.07472, 7.7564, 0.14465],
					"cubes": [
						{
							"origin": [16.87722, 6.5064, -1.10535],
							"size": [0, 2.5, 2.5],
							"uv": {
								"west": {"uv": [44, 0], "uv_size": [11, 12]}
							}
						}
					]
				},
				{
					"name": "a_11",
					"parent": "arrows3",
					"pivot": [17.07472, 7.7564, 0.14465],
					"cubes": [
						{
							"origin": [16.87722, 6.5064, -1.10535],
							"size": [0, 2.5, 2.5],
							"uv": {
								"west": {"uv": [0, 12], "uv_size": [11, 12]}
							}
						}
					]
				},
				{
					"name": "a_open3",
					"parent": "arrows3",
					"pivot": [17.07722, 7.7564, 0.14465],
					"cubes": [
						{
							"origin": [16.85222, 6.5064, -1.10535],
							"size": [0, 2.5, 2.5],
							"uv": {
								"west": {"uv": [11, 12], "uv_size": [11, 12]}
							}
						}
					]
				},
				{
					"name": "settings3",
					"parent": "arrows3",
					"pivot": [17.07722, 7.7564, 0.14465],
					"cubes": [
						{
							"origin": [16.85222, 6.5064, -1.10535],
							"size": [0, 2.5, 2.5],
							"uv": {
								"west": {"uv": [34, 12], "uv_size": [12, 12]}
							}
						}
					]
				}
			]
		}
	]
}